cuisine	types	name	ingredients	difficulty	health_banners
['italian']	['main-course']	Crab lasagne	['600ml milk', '¼ tsp ground nutmeg', '85g butter, plus extra for greasing', '50g plain flour', '227ml pot double cream', '100g parmesan, grated', '1 egg, beaten', '3 x 100g pots brown and white crabmeat', '2 x 500g packs trimmed  leek, well washed and finely sliced', '12 sheets fresh lasagne', '400g chunky skinless cod fillet, cubed']	Easy	['Freezable']
['american']	['dessert']	Bite-sized toffee apple doughnuts	['150ml milk', '50g butter, cut into small pieces', '400g plain flour', '7g sachet fast-action dried yeast', '50g caster sugar, plus 50g extra for dusting', '½ tsp ground cinnamon, plus 1 tsp for dusting', '1 large egg, beaten', '1 apple, grated', 'vegetable or sunflower oil for frying, plus extra for greasing', '397g can  caramel (we used Carnation)']	A challenge	['Freezable']
['greek']	['dinner']	Vegetarian moussaka	['140g dried green lentil', '2 onions, halved and sliced', '2 garlic cloves, chopped', '2 bay leaves', '1 tsp dried oregano', '½ tsp cinnamon', '½ tsp allspice', '400g can chopped tomato', '1 reduced-salt vegetable stock cube', '200g sweet potato, thinly sliced', '1 large  aubergine, sliced and the biggest slices halved again', '250g low-fat fromage frais', '1 large egg', '50g feta cheese, crumbled', '4 tomatoes, thickly sliced']	Easy	['Healthy', 'Vegetarian']
['british']	['dessert']	Frozen raspberry & white choc cheesecake	"['200ml pot double cream', '200g bar  white chocolate, broken into chunks, plus extra to serve', '300g raspberries, plus extra to serve', '500g cream cheese', '50g golden caster sugar', '300g vanilla or white chocolate ice cream - all will taste good, but ice creams without too many chunks in are best', ""175g crunchy butter biscuit - we used Fox's Butter Crinkle Crunch"", '140g ginger nuts', '140g butter, melted']"	Easy	['Freezable']
	['dinner', 'main-course']	Roast grouse with red wine gravy	['100g goose fat or duck fat', '2 whole grouse, feathers and guts removed (ask your butcher to do this for you)', '300ml red wine', '1 garlic clove, smashed', '1 rosemary sprig', '300ml good-quality chicken stock', '½ tbsp redcurrant jelly', 'bread sauce and green salad, to serve']	Easy	[]
	['dinner']	Curried haddock kedgeree	['500ml double cream', 'thumb-sized piece ginger, peeled and grated', '½ tsp turmeric', '2 tsp ground cumin', '2 tsp garam masala', '400g undyed smoked haddock fillets (skin on)', '300g cooked basmati rice', '200g frozen peas', '2 large eggs, boiled for 7 mins, peeled and cut into quarters', '1small pack coriander, leaves roughly chopped']	Easy	[]
	['lunch']	Boiled egg, avocado & quick pickled radish tartine	['100g mixed radishes, cut into different shapes', '1 tbsp white wine vinegar', 'pinch caster sugar', '1 large avocado', 'juice 1/2 lime', 'pinch chilli flakes', '4 slices of your favourite bread (we used sourdough)', '2 eggs, soft boiled for 6 mins, then rinsed under cold water, peeled and halved)']	Easy	['Vegetarian']
	['snack']	Christmas ceviche with guacamole	"['1-2  red chillies (depending on how spicy you like things), very finely chopped', '½ red onion, very finely chopped', '2 clementines, juiced', '4-5 limes, juiced', '½ small pack coriander, chopped', '2 lightly smoked salmon fillets, skinned and cut into cubes', ""200g pack small peeled cooked prawns, each cut into 3 (or roughly chopped if you're feeling lazy)"", 'good-quality corn tortilla chips, to serve (I love blue corn chips, available from ocado.com)', '4 avocados, halved, stoned and flesh scooped out', '1-2 limes (to taste), juiced', '4 spring onions, very thinly sliced', '2 firm tomatoes on the vine, quartered, deseeded and finely chopped', '1/2 small pack coriander, chopped', 'good pinch of ground cumin']"	Easy	['Gluten-free', 'Healthy']
	['dinner', 'lunch', 'supper']	Steak & bean niçoise	['2 medium eggs', '100g green beans, halved', '2 tbsp rapeseed oil', '2 tsp Dijon mustard', '1 tbsp cider vinegar', '400g can mixed beans, drained', '1 tbsp finely chopped parsley', '5 black olives, halved', '50g rocket', '250g sirloin steak, fat removed', 'shaved parmesan, to serve (optional)', '2 slices wholemeal sourdough, to serve']	Easy	[]
['british']	['dessert', 'dinner', 'supper']	Iced blueberry & lime cheesecake	['3 limes', '50g caster sugar', '250g blueberries', '3 egg whites', '140g icing sugar', '250g tub mascarpone', '½ tsp vanilla extract', '300ml tub double cream', '250g box soft amaretti biscuits', '50g butter']	Easy	['Freezable']
	['dinner', 'main-course']	Grilled & filled cumin flatbreads	['100ml extra virgin olive oil', '½ tbsp sumac', '1 tsp chilli flakes, plus extra to serve (optional)', 'zest ½ lemon', '200g feta, chopped', '150g pot natural yogurt', '½ small pack dill, finely chopped', '½ small red onion, finely sliced', '90g bag rocket', '50g Kalamata olives, stoned', '30g pumpkin seeds, toasted', '250g plain flour, plus extra for dusting', '1 tbsp cumin seeds, lightly crushed', '1 tbsp olive oil']	Easy	['Vegetarian']
	['dinner', 'main-course', 'supper']	Sticky baked meatloaf with avocado & black bean salsa	['1 tbsp rapeseed oil, plus a little for greasing', '2 large onions, halved and thinly sliced', '4 large garlic cloves, grated', '1 tsp allspice or mixed spice', '1 ½ tsp fennel seeds', '2 tbsp smoked paprika', '2 tbsp tomato purée', '50g quinoa', '160g grated carrot', '1 tsp dried oregano', '½ tsp ground cumin', '400g pack turkey leg and breast mince', '1 large egg', '1 tsp black treacle', '400g black beans, drained', '1 small red onion, finely chopped', '1 avocado, finely chopped', '2 tomatoes, finely chopped', '½ small pack fresh coriander, chopped', '1 red chilli deseeded and finely chopped (optional)', 'juice 1 lime']	Easy	['Freezable (meatloaf only)', 'Gluten-free', 'Healthy']
['french']	['dessert']	Vanilla crème brûlée	['250ml double cream', '75ml full-fat milk', '1 vanilla pod, scraped', '4 egg yolks', '3 tbsp caster sugar, plus 3-4 tbsp for the topping', '1 tsp vanilla extract', '½ sheet of puff pastry', '½ egg, beaten', 'finely chopped almonds', 'icing sugar']	Easy	[]
	['dinner', 'main-course']	Christmas turkey	['100g butter, softened', '3 rosemary sprigs, leaves picked and finely chopped', '1 turkey (around 4kg, but not more), giblets removed', '1 garlic bulb', '1 lemon, halved', '2 bay leaves', '2large banana shallots, unpeeled, cut in half lengthways', '250ml white wine', '1 red cabbage (about 900g), cut into 6 wedges', '500ml good-quality chicken stock', '1 tsp cornflour (optional)']	Easy	[]
	['dinner', 'main-course']	Beef skewers with chimichurri rice salad	['2 tsp cumin seeds', 'juice and zest 2 limes, plus wedges to serve', '3 sirloin steaks or rump steak, fat trimmed, cut into long strips', '200g long grain rice or wild rice mix', '2 x 400g cans black beans, rinsed and drained', '3 shallots, finely diced', '2 ripe avocados, chopped into small chunks', '200ml Greek yogurt or natural yogurt, to serve', '20cm piece cucumber, chopped into small chunks', '1 shallot, roughly chopped', '3 garlic cloves, roughly chopped', 'small pack coriander', 'small pack flat-leaf parsley, leaves picked', '2 tsp dried oregano', '4 tbsp olive oil', '4 tbsp red wine vinegar', '1 red chilli, finely chopped', '6 large or 12 small metal or pre-soaked wooden skewer']	Easy	['Freezable (uncooked skewers only)']
['german']	['dinner', 'lunch', 'main-course', 'supper']	Beef schnitzel	['5 thin-cut minute steaks', '50g plain flour', '2 tsp paprika', '2 eggs, lightly beaten', '250g dried breadcrumbs', '5 tsp butter', '5 tsp olive oil', 'lemon wedges, to serve']	Easy	['Freezable (Freeze uncooked)', 'Healthy']
	['drink']	Raspberry lemonade slushies	['600g frozen raspberries', 'juice 3 lemons', '225ml soda water', '9 ice cubes (roughly 170g)', '3 tbsp agave nectar']	Easy	['Gluten-free', 'Vegan', 'Vegetarian']
['british']	['afternoon-tea', 'breakfast', 'main-course']	Classic kedgeree	['3 tbsp vegetable oil', '1 large  onion, finely chopped', '1 tsp ground coriander', '1 tsp turmeric', '2 tsp curry powder', '200g long grain rice, rinsed under cold water', '6 eggs', '400ml milk', '300g un-dyed smoked haddock', '2 bay leaves', 'small handful coriander and parsley, chopped']	Easy	[]
['japanese']	['dinner', 'lunch', 'main-course', 'snack', 'supper']	Tofu & vegetable patties	['1 carrot, grated', 'bunch spring onions, sliced, plus extra strips to serve', '1 garlic clove, crushed', '3cm/1¼ inch piece ginger, grated', '400g block firm tofu, drained and crumbled', '2 eggs, lightly beaten', '2 tbsp each sesame and vegetable oil', 'sweet chilli sauce, to serve']	Easy	['Vegetarian']
	['dinner', 'main-course', 'supper']	Curried aubergine with bavette	['2 tbsp vegetable oil', '2 banana shallots, thinly sliced', '2 garlic cloves, finely chopped', '2 tsp coriander seeds', '2 tsp cumin seeds', '1 tsp turmeric', '2 tsp garam masala', '2 aubergines, cut into small cubes', '60g creamed coconut', '2 naans breads', '10g butter', '300g leftover cooked bavette steak, thinly sliced', '50g flaked almonds, toasted', '50g pomegranate seeds', 'natural yogurt and mango chutney, to serve (optional)']	Easy	[]
	['side-dish']	Cheesy corn on the cob	['4 corn cobs', '30g butter, melted', '30g parmesan (or vegetarian alternative), finely grated']	Easy	['Gluten-free', 'Vegetarian']
	['dinner', 'lunch', 'main-course']	Charred baby aubergine & toasted quinoa salad	"['3 small leeks', '180g quinoa', '4 baby aubergines, each cut into 4 slices', '6 tbsp good-quality olive oil', '2 tbsp cider vinegar', '3 tbsp chopped dill', '½ small pack mint, chopped', '60g semi-dried tomatoes, roughly chopped', '2 tbsp hazelnuts, toasted and crushed', ""150g pack soft herby goat's cheese, crumbled""]"	Easy	['Gluten-free', 'Vegetarian']
	['lunch', 'side-dish', 'starter']	Salt-baked beetroot with feta & pickled onions	['4 medium beetroot (different types are fine), washed, the leaves trimmed for the salad', '6 rosemary sprigs', '150g salt', '500g plain flour', '2 large egg whites', '140ml cider vinegar', '65g demerara sugar', '½ tsp mustard seeds', '1 dill sprig', '2 onions, sliced into 5mm rings, tossed in a bowl with a pinch of salt to break them down', '3 tbsp extra virgin rapeseed oil, plus extra for drizzling', '1 tbsp lemon juice', '1 tbsp snipped chives', '1 Granny Smith apple, diced', '30g toasted hazelnuts, chopped', '120g feta']	More effort	['Vegetarian']
['british']	['main-course']	Chicken & leek mini pies	['25g butter', '3 leeks, washed and sliced', '350g tub fresh cheese sauce', '½ bunch chives, chopped', '200g cooked chicken, torn or cut into bite-sized chunks)', '3 tbsp milk', '1 tbsp Dijon mustard', '320g pack ready-rolled  shortcrust pastry', 'plain flour, for dusting', '1 large egg, beaten']	Easy	['Freezable']
	['dinner', 'main-course', 'supper']	Slow-cooked goose with cranberry salsa	['1 whole goose (about 6kg), giblets removed, trimmed or excess fat', '8 whole cloves', '3 star anise', '2 chicken stock cubes', '2 oranges, zested', '2 tsp ground cinnamon', '2 onions, finely chopped', '2 tbsp olive oil', '200g cranberries, defrosted if frozen', '1 orange, zested and juiced', '2 limes, zested', '1 tbsp cranberry sauce', '2 green chillies, finely chopped', '1 tsp picked thyme leaves']	More effort	[]
['moroccan']	['dinner', 'main-course']	Grilled mackerel with harissa & coriander couscous	['4 small whole mackerel, gutted and filleted', '3 tbsp extra-virgin olive oil', 'grated zest and juice 1 lime, plus wedges to serve', '1 bunch spring onions, finely sliced', '2 tbsp harissa paste (more depending on taste)', '140g couscous', '500ml hot vegetable stock', '3 tbsp chopped coriander, plus sprigs to serve']	Easy	[]
['asian']	['dinner', 'side-dish']	Sesame & ginger green beans	['200g green beans', '1 tbsp sesame oil', 'small chunk ginger, very finely chopped', '1 garlic clove, crushed', '1 tsp sesame seeds']	Easy	['Vegetarian']
	['side-dish']	Smoked mash	['1 ½kg floury potatoes (such as Maris Pipers or King Edwards), cut into large chunks', '200ml milk', '50g butter', 'smoked sea salt, plus extra to serve (optional)']	Easy	['Freezable', 'Gluten-free', 'Vegetarian']
	['condiment']	Herby yogurt dressing	['170g pot Greek yogurt', 'juice ½ lemon', '2 tbsp olive oil', 'small pack basil, chopped', '½ small pack flat-leaf parsley, chopped']	Easy	['Gluten-free', 'Vegetarian']
	['dinner', 'side-dish']	Root vegetable rice	['250g carrots, sliced at an angle', '250g parsnips, sliced at an angle', '1 tbsp olive oil', '½ tsp coriander seeds, lightly crushed', '80g butter', '2 small onions', '100g short vermicelli (available from Middle Eastern shops or online, or break vermicelli nests into small pieces)', '300g white rice, rinsed and drained', 'pinch of saffron', '500ml chicken stock', '½ small pack flat-leaf parsley, chopped']	Easy	[]
['american']	['dinner', 'main-course']	BBQ beef short ribs with green apple salsa & fries	['1 small onion, roughly chopped', '4 tbsp chipotle paste', '2 tsp sweet smoked paprika', '1 tsp cayenne pepper', '400g can  chopped tomato', '5 tbsp tomato ketchup', '5 tbsp barbecue sauce', '100ml malt vinegar', '100g brown sugar', '100ml bourbon', '4 large or 8 smaller beef short ribs order from a butcher', '1 beef stock cube', '4 handfuls frozen skinny fries, cooked following pack instructions, to serve', 'juice 1  lime', '2 Granny Smiths, quartered, cored and diced (and immediately tossed in the lime juice)', '2 spring onions, sliced', 'handful coriander, roughly chopped', '1 tbsp olive oil']	More effort	['Freezable (Freeze leftover ribs only)']
['caribbean']	['dinner', 'main-course']	Peppery sausages with sweet potato mash	['500g potato, cut into chunks', '500g sweet potato, cut into chunks', '2 tbsp olive oil or a knob of butter', 'grated nutmeg, to taste (optional)', '6 large sausages', '1 tsp West Indian  hot pepper sauce', 'juice ½ small lime', '1 tbsp soft brown sugar', '2 tsp thyme leaf', '2 garlic cloves, very finely chopped', '1 tbsp tomato purée', 'salad, or green beans or peas, to serve']	Easy	[]
['cajun-creole']	['dinner', 'main-course']	Cajun meatballs	['2 tbsp butter', '2 tbsp plain flour', '1 onion, finely chopped', '1 green pepper, deseeded and finely chopped', '2 celery sticks, finely chopped', '2 garlic cloves, chopped', '1 bay leaf', '400g can  plum tomato', '1 chicken stock cube', 'dash of  Tabasco sauce or hot pepper sauce', '4 spring onions, finely sliced', 'handful coriander, roughly chopped', 'rice or  mash, to serve', '1 tbsp Cajun seasoning', '500g pack turkey mince', '1 tbsp vegetable oil']	Easy	['Freezable', 'Healthy']
['british']	['dessert']	Gooseberry & custard pies	['6 sheets  filo pastry', '50g butter, melted', '2 tbsp golden caster sugar', 'vanilla ice cream, to serve (optional)', '200g golden caster sugar', '1 vanilla pod, split and seeds scraped out', '500g gooseberries, topped and tailed', '300ml double cream', '300ml full-fat milk', '2 vanilla pods, split and seeds scraped out', '4 large egg yolks', '50g golden caster sugar', '20g plain flour', '20g cornflour']	More effort	['Vegetarian']
	['treat']	Almond, cashew & honey butter	['200g blanched almonds', '200g unsalted cashew nuts', '2 tbsp honey', '½ tsp sea salt flakes', '2-3 tsp groundnut oil']	Easy	['Gluten-free', 'Vegetarian']
	['dinner', 'main-course']	Christmas turkey	['100g butter, softened', '3 rosemary sprigs, leaves picked and finely chopped', '1 turkey (around 4kg, but not more), giblets removed', '1 garlic bulb', '1 lemon, halved', '2 bay leaves', '2large banana shallots, unpeeled, cut in half lengthways', '250ml white wine', '1 red cabbage (about 900g), cut into 6 wedges', '500ml good-quality chicken stock', '1 tsp cornflour (optional)']	Easy	[]
['german']	['dinner', 'lunch', 'main-course', 'supper']	Beef schnitzel	['5 thin-cut minute steaks', '50g plain flour', '2 tsp paprika', '2 eggs, lightly beaten', '250g dried breadcrumbs', '5 tsp butter', '5 tsp olive oil', 'lemon wedges, to serve']	Easy	['Freezable (Freeze uncooked)', 'Healthy']
['japanese']	['dinner', 'lunch', 'main-course', 'snack', 'supper']	Tofu & vegetable patties	['1 carrot, grated', 'bunch spring onions, sliced, plus extra strips to serve', '1 garlic clove, crushed', '3cm/1¼ inch piece ginger, grated', '400g block firm tofu, drained and crumbled', '2 eggs, lightly beaten', '2 tbsp each sesame and vegetable oil', 'sweet chilli sauce, to serve']	Easy	['Vegetarian']
	['lunch']	Keep it green sandwich	['25g curly kale', '½ tbsp sesame oil', '½ tbsp tamari', '1 small avocado', 'juice 1 small lime', '40g drained chickpeas', '2 slices rye bread', '½ tsp paprika']	Easy	['Vegan', 'Vegetarian']
	['dinner', 'main-course']	Beef skewers with chimichurri rice salad	['2 tsp cumin seeds', 'juice and zest 2 limes, plus wedges to serve', '3 sirloin steaks or rump steak, fat trimmed, cut into long strips', '200g long grain rice or wild rice mix', '2 x 400g cans black beans, rinsed and drained', '3 shallots, finely diced', '2 ripe avocados, chopped into small chunks', '200ml Greek yogurt or natural yogurt, to serve', '20cm piece cucumber, chopped into small chunks', '1 shallot, roughly chopped', '3 garlic cloves, roughly chopped', 'small pack coriander', 'small pack flat-leaf parsley, leaves picked', '2 tsp dried oregano', '4 tbsp olive oil', '4 tbsp red wine vinegar', '1 red chilli, finely chopped', '6 large or 12 small metal or pre-soaked wooden skewer']	Easy	['Freezable (uncooked skewers only)']
['japanese']	['side-dish']	Japanese-style brown rice	['250g brown rice', '175g frozen  soya bean', '1 tbsp low-salt soy sauce', '1 tbsp extra virgin olive oil', '2 tsp finely grated ginger', '1 garlic clove, crushed', '4 spring onions, thinly sliced on the diagonal']	Easy	['Healthy', 'Vegetarian']
['british']	['main-course']	Chicken & leek mini pies	['25g butter', '3 leeks, washed and sliced', '350g tub fresh cheese sauce', '½ bunch chives, chopped', '200g cooked chicken, torn or cut into bite-sized chunks)', '3 tbsp milk', '1 tbsp Dijon mustard', '320g pack ready-rolled  shortcrust pastry', 'plain flour, for dusting', '1 large egg, beaten']	Easy	['Freezable']
	['dinner', 'main-course', 'supper']	Slow-cooked goose with cranberry salsa	['1 whole goose (about 6kg), giblets removed, trimmed or excess fat', '8 whole cloves', '3 star anise', '2 chicken stock cubes', '2 oranges, zested', '2 tsp ground cinnamon', '2 onions, finely chopped', '2 tbsp olive oil', '200g cranberries, defrosted if frozen', '1 orange, zested and juiced', '2 limes, zested', '1 tbsp cranberry sauce', '2 green chillies, finely chopped', '1 tsp picked thyme leaves']	More effort	[]
	['side-dish']	Smoked mash	['1 ½kg floury potatoes (such as Maris Pipers or King Edwards), cut into large chunks', '200ml milk', '50g butter', 'smoked sea salt, plus extra to serve (optional)']	Easy	['Freezable', 'Gluten-free', 'Vegetarian']
['american']	['dinner', 'main-course', 'supper']	BBQ drumsticks with slaw	['8 chicken drumsticks', '150ml barbecue sauce', '1 large carrot, grated', '½ white cabbage, shredded', '1 red onion, thinly sliced', '6 tbsp salad cream', 'crusty bread, to serve']	Easy	[]
	['dinner', 'main-course', 'supper']	Curried aubergine with bavette	['2 tbsp vegetable oil', '2 banana shallots, thinly sliced', '2 garlic cloves, finely chopped', '2 tsp coriander seeds', '2 tsp cumin seeds', '1 tsp turmeric', '2 tsp garam masala', '2 aubergines, cut into small cubes', '60g creamed coconut', '2 naans breads', '10g butter', '300g leftover cooked bavette steak, thinly sliced', '50g flaked almonds, toasted', '50g pomegranate seeds', 'natural yogurt and mango chutney, to serve (optional)']	Easy	[]
	['side-dish']	Cheesy corn on the cob	['4 corn cobs', '30g butter, melted', '30g parmesan (or vegetarian alternative), finely grated']	Easy	['Gluten-free', 'Vegetarian']
['british']	['dessert', 'dinner', 'lunch', 'treat']	Easiest ever bread pudding	['150ml whole milk', '140g white bread', '50g raisins or dried cherries', '568ml pot of fresh custard', 'butter, for greasing', '5-7 tbsp caster sugar']	Easy	['Easily halved']
['british']	['breakfast', 'brunch', 'main-course']	Scrambled egg muffin	['2 eggs', 'few sundried tomatoes', 'fresh  basil, torn', 'English  muffins']	Easy	['Vegetarian']
['british']	['dessert', 'dinner']	Orlando Murrin's Deluxe Christmas Cake	['4 tbsp bourbon', '200g sultana', '100g glacé cherry, halved', '100g/4oz semi-dried pineapple, roughly chopped', '2 pieces of  stem ginger, finely chopped', '500g crystallised fruit  (including colourful ones such as orange slices, pears, figs, pineapple) roughly chopped, plus extra whole fruits to decorate', '100g walnut, roughly chopped', 'grated zest and juice of  1 lemon', '200g butter, at room temperature', '200g golden caster sugar', '4 large eggs, beaten', '200g plain flour  mixed with ½ tsp salt']	A challenge	['Freezable']
['british']	['afternoon-tea', 'dessert', 'dinner', 'supper', 'treat']	Raspberry ripple cake	['200g caster sugar', '200g butter, softened', '4 eggs', '1 tsp vanilla extract', '200g self-raising flour', '1 tsp baking powder', '3 tbsp milk', '200g punnet  raspberry', '140g marshmallow']	Easy	[]
['british']	['dessert', 'dinner', 'lunch', 'snack']	Easy vanilla ice cream	['500g  pot of good-quality vanilla  custard', '284ml  carton double cream']	Easy	['Freezable']
	['dinner', 'lunch', 'main-course']	Charred baby aubergine & toasted quinoa salad	"['3 small leeks', '180g quinoa', '4 baby aubergines, each cut into 4 slices', '6 tbsp good-quality olive oil', '2 tbsp cider vinegar', '3 tbsp chopped dill', '½ small pack mint, chopped', '60g semi-dried tomatoes, roughly chopped', '2 tbsp hazelnuts, toasted and crushed', ""150g pack soft herby goat's cheese, crumbled""]"	Easy	['Gluten-free', 'Vegetarian']
	['lunch', 'side-dish', 'starter']	Salt-baked beetroot with feta & pickled onions	['4 medium beetroot (different types are fine), washed, the leaves trimmed for the salad', '6 rosemary sprigs', '150g salt', '500g plain flour', '2 large egg whites', '140ml cider vinegar', '65g demerara sugar', '½ tsp mustard seeds', '1 dill sprig', '2 onions, sliced into 5mm rings, tossed in a bowl with a pinch of salt to break them down', '3 tbsp extra virgin rapeseed oil, plus extra for drizzling', '1 tbsp lemon juice', '1 tbsp snipped chives', '1 Granny Smith apple, diced', '30g toasted hazelnuts, chopped', '120g feta']	More effort	['Vegetarian']
	['dessert', 'treat']	Eton Mess freakshake	['50g white chocolate', 'handful Lucky Charms cereal, to decorate', '400g strawberries, hulled and halved, a few reserved for decorating', '200ml full-fat milk', '3 large scoops clotted cream ice cream', '2 generous squirts of whipped cream', '1 mini pink meringue, crushed into chunks', 'handful  freeze-dried strawberry, for decorating', '10g candy floss']	Easy	[]
	['side-dish']	Blackened sweet potato mash	['1kg sweet potatoes', '1 tbsp olive oil', 'juice 1 lime, plus 1 cut into 4 wedges to serve', '4 spring onions, sliced on the diagonal', 'extra virgin olive oil, for drizzling']	Easy	['Gluten-free', 'Vegan', 'Vegetarian']
['german']	['dessert']	Pear, chocolate & marzipan strudel	['85g butter, melted, plus a little extra', '5 pears, peeled, cored and chopped', '4 tbsp light muscovado sugar, plus extra for sprinkling', '1 tbsp Disaronno (optional)', '100g ginger biscuit, crushed', '1 tsp ground cinnamon', '100g dark chocolate, broken into chunks', '100g marzipan, chopped into small pieces', '250g pack  filo pastry (at least 6 sheets)', 'icing sugar and  cream, to serve']	Easy	['Freezable']
	['dinner', 'main-course', 'supper']	Grilled aubergine tabbouleh	['2 tbsp garlic-infused oil', '1 large aubergine, diced', '160g couscous', '½ cucumber, diced', '200g cherry tomatoes, halved', 'small pack mint, roughly chopped', 'small pack parsley, roughly chopped', 'juice 1 lemon', '5 tbsp coconut yogurt', '2 tbsp tahini', '1 tbsp maple syrup']	Easy	['Healthy', 'Vegan', 'Vegetarian']
['turkish']	['side-dish']	Chopped herb & pomegranate salad	['juice and zest 1  lemon', '1 tbsp pomegranate molasses', '1 tbsp olive oil', '1 tsp sugar', '2 Mediterranean  cucumber (or 1 regular), deseeded and finely chopped', '2 large  tomatoes, deseeded and finely chopped', '110g tub  pomegranate seeds (or seeds from 1 pomegranate)', 'small bunch parsley, chopped', 'small bunch dill, chopped', 'small bunch mint, all chopped']	Easy	['Gluten-free', 'Healthy', 'Vegetarian']
['asian']	['side-dish']	Marrow curry	['1 marrow, peeled and cut into large chunks', '2 tbsp sunflower oil', '2 tsp black  mustard seeds', '1 tsp cumin seed', '1 large  onion, finely sliced', '2 garlic cloves, crushed', '½ tsp turmeric', '½ tsp chilli powder', '1 tsp ground coriander', 'juice ½ lemon', 'small pack  coriander, roughly chopped']	Easy	['Freezable', 'Gluten-free', 'Healthy', 'Vegan', 'Vegetarian']
	['side-dish']	Fennel compote	['100g butter', '4 large fennel bulbs, thinly sliced', '1 onion, thinly sliced', 'vegetable oil, for frying', '75g smoked bacon, chopped', '½ small pack parsley, chopped']	Easy	['Gluten-free']
['british']	['dessert']	Strawberry & elderflower trifle	['600ml pot double cream', '1 vanilla pod, seeds scraped', '4 large egg yolks', '1 tbsp cornflour', '50ml elderflower cordial', '2 tbsp golden caster sugar', '350ml ginger wine', '3 sheets leaf gelatine, soaked in cold water for 5 mins', '200g lemon drizzle cake, broken into small chunks', '400g punnet of strawberries, hulled and halved', '3 tbsp golden caster sugar', '1 tbsp balsamic vinegar', '600ml double cream', '1 tsp vanilla bean paste', '50g icing sugar', 'a few ginger biscuits, crushed', '1 tsp lemon thyme leaves']	A challenge	[]
['japanese']	['side-dish']	Japanese-style brown rice	['250g brown rice', '175g frozen  soya bean', '1 tbsp low-salt soy sauce', '1 tbsp extra virgin olive oil', '2 tsp finely grated ginger', '1 garlic clove, crushed', '4 spring onions, thinly sliced on the diagonal']	Easy	['Healthy', 'Vegetarian']
['italian']	['dessert']	Sherry, almond & orange pandoro	['300ml double cream', '250g mascarpone', '4 tbsp Pedro Ximénez sherry', '1 large orange, zested', '2 tbsp icing sugar, plus extra for dusting', '1 pandoro', '50g almonds, toasted and roughly chopped', 'edible gold leaf (optional)']	Easy	['Vegetarian']
['british']	['side-dish']	Quick-fried runner beans with cheddar & hazelnuts	['1 tbsp vegetable oil', '2 banana shallots, finely sliced lengthways', '200g runner beans, finely sliced', '1 garlic clove, crushed', '1 tbsp hazelnut oil', '40g hazelnuts, toasted and chopped', 'zest of ½ lemon', '50g cheddar, crumbled']	Easy	['Gluten-free', 'Vegetarian']
	['dinner', 'main-course', 'supper']	Grilled aubergine tabbouleh	['2 tbsp garlic-infused oil', '1 large aubergine, diced', '160g couscous', '½ cucumber, diced', '200g cherry tomatoes, halved', 'small pack mint, roughly chopped', 'small pack parsley, roughly chopped', 'juice 1 lemon', '5 tbsp coconut yogurt', '2 tbsp tahini', '1 tbsp maple syrup']	Easy	['Healthy', 'Vegan', 'Vegetarian']
['italian']	['dinner', 'main-course']	Courgette caponata with thyme & garlic chicken	['4 garlic cloves, thinly sliced', 'few thyme sprigs, leaves picked', '2 tbsp olive oil', '2 red onions, finely sliced', '3 celery sticks, thickly sliced on the diagonal', '4 courgettes, halved lengthways and cut into chunks, on the diagonal', '400g can  chopped tomato', '2 tsp caper', '1 tbsp red wine vinegar', '3 tbsp sultana', '4 skinless chicken breasts']	Easy	['Freezable (Freeze caponata only)']
	['treat']	Pistachio & cardamom butter	['10 cardamom pods', '400g pistachio nut kernals', '1 tbsp maple syrup', '½ tsp sea salt flakes', '2-3 tsp groundnut oil']	Easy	['Gluten-free', 'Vegan', 'Vegetarian']
['british']	['dessert']	Patchwork strawberry & gooseberry pie	['1 large egg, at room temperature, separated', '225g unsalted butter, soft but not greasy', '1 tsp vanilla extract', '50g caster sugar', '½ tsp salt', '350g plain flour, plus extra for dusting', 'extra-thick cold cream, to serve', '500g ripe strawberry, halved, or quartered if large', '500g gooseberry, washed, topped and tailed', '100g golden caster sugar, plus extra 1 tbsp', '1 tsp ground cinnamon', '2 tbsp semolina or ground almonds']	More effort	[]
	['dinner', 'lunch']	Sicilian-style artichoke hearts with burrata	['4 globe artichokes', '1 x 200g burrata', '6 anchovies in olive oil (use a good brand, such as Ortiz), chopped', '1 tbsp capers, rinsed of salt or vinegar and patted dry', '1 tbsp toasted pine nuts', 'leaves from about 3 mint springs, torn', 'juice 1 lemon', '½ tbsp white balsamic vinegar', 'pinch of saffron', '¼ tsp honey', '5 tbsp extra virgin olive oil, plus extra for drizzling']	More effort	['Gluten-free', 'Vegetarian']
['british']	['dessert', 'dinner', 'lunch', 'treat']	Easiest ever bread pudding	['150ml whole milk', '140g white bread', '50g raisins or dried cherries', '568ml pot of fresh custard', 'butter, for greasing', '5-7 tbsp caster sugar']	Easy	['Easily halved']
['british']	['breakfast', 'brunch', 'main-course']	Scrambled egg muffin	['2 eggs', 'few sundried tomatoes', 'fresh  basil, torn', 'English  muffins']	Easy	['Vegetarian']
['british']	['dessert', 'dinner']	Orlando Murrin's Deluxe Christmas Cake	['4 tbsp bourbon', '200g sultana', '100g glacé cherry, halved', '100g/4oz semi-dried pineapple, roughly chopped', '2 pieces of  stem ginger, finely chopped', '500g crystallised fruit  (including colourful ones such as orange slices, pears, figs, pineapple) roughly chopped, plus extra whole fruits to decorate', '100g walnut, roughly chopped', 'grated zest and juice of  1 lemon', '200g butter, at room temperature', '200g golden caster sugar', '4 large eggs, beaten', '200g plain flour  mixed with ½ tsp salt']	A challenge	['Freezable']
['british']	['afternoon-tea', 'dessert', 'dinner', 'supper', 'treat']	Raspberry ripple cake	['200g caster sugar', '200g butter, softened', '4 eggs', '1 tsp vanilla extract', '200g self-raising flour', '1 tsp baking powder', '3 tbsp milk', '200g punnet  raspberry', '140g marshmallow']	Easy	[]
['british']	['dessert', 'dinner', 'lunch', 'snack']	Easy vanilla ice cream	['500g  pot of good-quality vanilla  custard', '284ml  carton double cream']	Easy	['Freezable']
['italian']	['dinner', 'main-course', 'pasta']	Spaghetti with walnuts, raisins & parsley	['300g spaghetti', '2 tbsp olive oil', '2 onions, sliced', '5 tbsp raisins  or sultanas', '250ml chicken or vegetable stock', '50g parmesan, grated', '5 tbsp chopped walnuts', 'small bunch flat-leaf parsley, finely chopped']	Easy	['Healthy', 'Vegetarian']
	['dinner', 'main-course']	Pomegranate-braised pork belly	['1 tbsp vegetable oil or sunflower oil', '400ml pomegranate juice', '1 cinnamon stick', '¼ tsp ground allspice', '1 lemon, juiced and zest peeled into strips', '3 tbsp honey', '3 tbsp red wine vinegar', '8 pork belly slices (about 750g)', '50g pomegranate seeds', 'green vegetables or a fresh grain salad, to serve (optional)']	Easy	['Freezable', 'Gluten-free']
	['starter']	Deep-fried brussels with black pudding & apple	['4 tbsp butter', '1 Granny Smith apple, cored, peeled and cubed', '4 slices of black pudding', '2 tsp wholegrain mustard', '1 tsp honey', '1 ½ tbsp sherry vinegar', 'vegetable oil, for deep-frying', '200g brussels sprouts, trimmed and halved', 'handful watercress']	More effort	[]
['british']	['lunch', 'main-course', 'supper']	Game pie with cranberries & chestnuts	['200g fresh or frozen cranberries', '50g golden caster sugar', '800g mixed boneless game, such as rabbit, venison, wild boar, pheasant, partridge or pigeon, finely chopped', '300g pork belly, minced (ask your butcher to do this, or pulse in a food processor)', '200g smoked lardons', '150g cooked chestnuts, roughly chopped', '½ tsp ground mace', '2 large pinches of ground nutmeg', 'small bunch sage, finely chopped', '1 tsp chopped thyme', '1 tsp ground white pepper', '200g lard, cubed, plus a little for greasing', '575g plain flour', '1 egg, beaten', '4 gelatine leaves', '300ml chicken stock']	A challenge	[]
['american']	['main-course']	Tangy turkey sloppy joes with celeriac slaw	['1 tbsp olive oil', '2 small red onions, chopped', '2 garlic cloves, chopped', '500g turkey mince', '1 tsp ground cumin', '1 tsp hot smoked paprika', '2 tbsp soft brown sugar', '125ml cider vinegar, plus 1 tbsp', '500ml passata', '75ml low-fat mayonnaise', '1 tbsp golden caster sugar', '¼ head  celeriac, peeled and grated', '2 carrots, grated', '6 small soft buns']	Easy	['Freezable (mince only)']
['turkish']	['side-dish']	Chopped herb & pomegranate salad	['juice and zest 1  lemon', '1 tbsp pomegranate molasses', '1 tbsp olive oil', '1 tsp sugar', '2 Mediterranean  cucumber (or 1 regular), deseeded and finely chopped', '2 large  tomatoes, deseeded and finely chopped', '110g tub  pomegranate seeds (or seeds from 1 pomegranate)', 'small bunch parsley, chopped', 'small bunch dill, chopped', 'small bunch mint, all chopped']	Easy	['Gluten-free', 'Healthy', 'Vegetarian']
['asian']	['side-dish']	Marrow curry	['1 marrow, peeled and cut into large chunks', '2 tbsp sunflower oil', '2 tsp black  mustard seeds', '1 tsp cumin seed', '1 large  onion, finely sliced', '2 garlic cloves, crushed', '½ tsp turmeric', '½ tsp chilli powder', '1 tsp ground coriander', 'juice ½ lemon', 'small pack  coriander, roughly chopped']	Easy	['Freezable', 'Gluten-free', 'Healthy', 'Vegan', 'Vegetarian']
['british']	['snack', 'treat']	Thyme & caramelised onion mini scotch eggs	['2 tbsp white wine vinegar', '12 quail’s eggs at room temperature (see tip below)', '500g sausagemeat', '10 thyme sprigs, leaves picked and roughly chopped', '75g caramelised onion chutney', '50g plain flour', '2 hen’s eggs', '100g fresh breadcrumbs', 'vegetable oil or sunflower oil, for frying']	More effort	[]
	['snack']	Curried turkey lettuce wraps	['100g natural yogurt', '1 tsp curry powder', '1 tsp tomato purée', '2 tbsp raisins', '100g cooked skinless turkey or chicken breast meat', '8 Little Gem lettuces leaves', '2 tsp sunflower seeds', 'coriander leaves']	Easy	[]
['french']	['dinner', 'starter']	Crab-stuffed avocados	['100g white crabmeat', '1 tsp Dijon mustard', '2 tbsp olive oil', 'handful basil leaves, shredded with a few of the smaller leaves left whole, to serve', '1 red chilli, deseeded and chopped', '2 avocados']	Easy	['Keto']
['japanese']	['dinner', 'main-course']	Soba noodle & edamame salad with grilled tofu	['140g soba noodles', '300g fresh or frozen podded edamame (soy) beans', '4 spring onions, shredded', '300g bag beansprouts', '1 cucumber, peeled, halved lengthways, deseeded with a teaspoon and sliced', '250g block firm tofu, patted dry and thickly sliced', '1 tsp oil', 'handful coriander leaves, to serve', '3 tbsp mirin', '2 tsp tamari', '2 tbsp orange juice', '1 red chilli, deseeded, if you like, and finely chopped']	Easy	['Healthy', 'Vegan', 'Vegetarian']
['british']	['dessert']	Milk chocolate pots with citrus shortbread	['200g good-quality milk chocolate, chopped', '200ml double cream', '2 large egg yolks, lightly whisked', '160g self-raising flour, plus extra for dusting', 'zest 1 orange', '110g butter, cut into cubes', '60g golden caster sugar, plus extra for sprinkling', '1 large egg yolk', '100ml whipping cream']	Easy	['Vegetarian']
['british']	['dinner', 'main-course']	The ultimate makeover: Steak & kidney pie	"[""200g lamb's kidneys, halved"", '1 tbsp rapeseed oil', '2 medium onions, chopped', '2 bay leaves', '4 thyme sprigs', '600g lean stewing steak, cut into chunks', '100ml red wine', '2 tsp tomato purée', '1 tsp English mustard powder', '2 tbsp plain flour', '1 large carrot, chopped', '4 flat mushrooms, quartered or halved if small', '3 tbsp chopped parsley', '140g plain flour, plus extra for dusting', '1 tsp thyme leaves (optional)', '25g very cold (or frozen) butter', '4 tbsp 2% fat Greek yogurt', '2 tbsp extra-virgin olive oil']"	More effort	['Freezable', 'Healthy']
['french']	['dinner', 'main-course']	Butter-roasted supreme of chicken with wild mushroom & potato gratin	['600g potatoes, preferably Maris Piper', '350ml full-fat milk', '350ml double cream', '1 large garlic clove, smashed', '1 bay leaf', 'thyme sprigs, plus a few extra thyme leaves for sprinkling', '50g butter', '300g mixed wild mushrooms, cleaned and roughly sliced if large', '50g Comté or gruyère cheese', '200g softened butter', 'zest and juice 1 lemon', 'bunch flat-leaf parsley, leaves very roughly chopped', 'large pinch paprika', '4 large chicken breasts, preferably supremes with the wing bone still attached', '1 large shallot, sliced', '1 garlic bulb, roughly chopped', '3 thyme sprigs', '200ml fresh chicken stock', '1 tbsp olive oil', '24 baby leeks, trimmed to the same size, boiled for 3 mins, then refreshed in iced water']	More effort	[]
['italian']	['dinner']	Roasted pepper linguine with crisp crumbs	['4 mixed peppers, deseeded and sliced', '2 tbsp olive oil', '2 garlic cloves, finely sliced', 'pinch of  chilli flakes', '100g fresh white bread, whizzed to breadcrumbs', '300g linguine', '85g green pitted olive, halved', '½ small pack  basil, torn, saving a few small leaves to garnish', 'zest ½ lemon', '25g butter']	Easy	['Healthy', 'Vegetarian']
['asian']	['side-dish']	Marrow curry	['1 marrow, peeled and cut into large chunks', '2 tbsp sunflower oil', '2 tsp black  mustard seeds', '1 tsp cumin seed', '1 large  onion, finely sliced', '2 garlic cloves, crushed', '½ tsp turmeric', '½ tsp chilli powder', '1 tsp ground coriander', 'juice ½ lemon', 'small pack  coriander, roughly chopped']	Easy	['Freezable', 'Gluten-free', 'Healthy', 'Vegan', 'Vegetarian']
['british']	['canapes', 'starter']	Charred chicory cups & walnut brittle	['sunflower oil, for greasing', '100g golden caster sugar', '50g walnut halves', '1 tsp caraway seeds', '1 tsp fennel seeds', '50g soft blue cheese', '50g cream cheese', '4 chicory heads', '200g butternut squash, peeled and coarsely grated', '2 pickled walnuts, cut into small pieces (I used Opies)', '1-2 green chillies, finely sliced']	More effort	['Vegetarian']
['british']	['snack', 'treat']	Thyme & caramelised onion mini scotch eggs	['2 tbsp white wine vinegar', '12 quail’s eggs at room temperature (see tip below)', '500g sausagemeat', '10 thyme sprigs, leaves picked and roughly chopped', '75g caramelised onion chutney', '50g plain flour', '2 hen’s eggs', '100g fresh breadcrumbs', 'vegetable oil or sunflower oil, for frying']	More effort	[]
['british']	['snack', 'starter', 'treat']	Elderflower fritters with honey	['16 elderflowers heads', 'sunflower oil, for deep-frying', '100g self-raising flour', '2 tsp cornflour', '2 tsp golden caster sugar', '1 egg', '175ml sparkling water', 'icing sugar', 'orange blossom honey']	Easy	['Vegetarian']
['french']	['dinner', 'starter']	Crab-stuffed avocados	['100g white crabmeat', '1 tsp Dijon mustard', '2 tbsp olive oil', 'handful basil leaves, shredded with a few of the smaller leaves left whole, to serve', '1 red chilli, deseeded and chopped', '2 avocados']	Easy	['Keto']
['japanese']	['dinner', 'main-course']	Soba noodle & edamame salad with grilled tofu	['140g soba noodles', '300g fresh or frozen podded edamame (soy) beans', '4 spring onions, shredded', '300g bag beansprouts', '1 cucumber, peeled, halved lengthways, deseeded with a teaspoon and sliced', '250g block firm tofu, patted dry and thickly sliced', '1 tsp oil', 'handful coriander leaves, to serve', '3 tbsp mirin', '2 tsp tamari', '2 tbsp orange juice', '1 red chilli, deseeded, if you like, and finely chopped']	Easy	['Healthy', 'Vegan', 'Vegetarian']
['british']	['lunch', 'main-course']	Nettle & blue cheese rarebit	['1 tbsp olive oil', '200g nettle leave', '200ml tub crème fraîche', '1 tsp wholegrain mustard', '140g British blue cheese, such as Blue Vinney', '4 slices sourdough bread']	Easy	[]
['british']	['dessert']	Milk chocolate pots with citrus shortbread	['200g good-quality milk chocolate, chopped', '200ml double cream', '2 large egg yolks, lightly whisked', '160g self-raising flour, plus extra for dusting', 'zest 1 orange', '110g butter, cut into cubes', '60g golden caster sugar, plus extra for sprinkling', '1 large egg yolk', '100ml whipping cream']	Easy	['Vegetarian']
['british']	['dinner', 'main-course']	The ultimate makeover: Steak & kidney pie	"[""200g lamb's kidneys, halved"", '1 tbsp rapeseed oil', '2 medium onions, chopped', '2 bay leaves', '4 thyme sprigs', '600g lean stewing steak, cut into chunks', '100ml red wine', '2 tsp tomato purée', '1 tsp English mustard powder', '2 tbsp plain flour', '1 large carrot, chopped', '4 flat mushrooms, quartered or halved if small', '3 tbsp chopped parsley', '140g plain flour, plus extra for dusting', '1 tsp thyme leaves (optional)', '25g very cold (or frozen) butter', '4 tbsp 2% fat Greek yogurt', '2 tbsp extra-virgin olive oil']"	More effort	['Freezable', 'Healthy']
['italian']	['dinner']	Roasted pepper linguine with crisp crumbs	['4 mixed peppers, deseeded and sliced', '2 tbsp olive oil', '2 garlic cloves, finely sliced', 'pinch of  chilli flakes', '100g fresh white bread, whizzed to breadcrumbs', '300g linguine', '85g green pitted olive, halved', '½ small pack  basil, torn, saving a few small leaves to garnish', 'zest ½ lemon', '25g butter']	Easy	['Healthy', 'Vegetarian']
['british']	['buffet', 'canapes', 'side-dish', 'starter']	Mini chilli beef pies	['450g pack ready-rolled shortcrust pastry', '1 tbsp sunflower oil', '1 small  onion, chopped ', '2 tsp hot  chilli powder', '2 tsp ground cumin', '250g pack  minced beef', '85g tomato purée', '150ml beef stock', 'large pinch ground cinnamon', '200g kidney bean, drained and rinsed', '1 large  potato  (about 250g/9oz), peeled and cut into chunks', '3 tbsp soured cream', '2 tbsp chopped   chive']	Easy	['Easily doubled', 'Freezable']
['british']	['lunch', 'supper']	Potted shrimp tart with shaved rainbow beet salad	['400g baby new potatoes', '5 whole eggs, plus 1 yolk', '150ml double cream', '50ml milk', '1 tbsp Dijon mustard', 'a good grating of nutmeg', '270g cooked and peeled brown shrimps', 'small handful chervil, dill or parsley, finely chopped', '250g plain flour, plus extra for dusting', '¼ tsp cayenne pepper, plus a pinch', '1 tsp mustard powder', '100g cold butter, chopped into small pieces', '50g extra mature cheddar, finely grated', '4-6 small beetroot (a variety of colours looks good)', '3 tbsp rapeseed oil', '1 tsp Dijon mustard', '2 tbsp cider vinegar', 'small punnet cress']	More effort	[]
['asian']	['dinner', 'main-course']	Satay grilled aubergine	['1 large aubergine, peeled and cut into 3cm cubes', '1 tbsp soy sauce', '1 tbsp vegetable oil', '1 tsp ground turmeric', '2 tbsp sweet chilli sauce', '3 tbsp crunchy peanut butter', '2 tbsp hoisin sauce', '2 tbsp rice wine vinegar', '2 tbsp coconut milk', 'basmati rice, to serve', '1 small cucumber, cut into 2-3cm chunks', '1 small  red onion, cut into half moons', 'small handful  fresh mint leaves', 'small handful fresh  coriander leaves']	Easy	['Vegetarian']
	['pasta']	Sesame, edamame & chicken noodle salad	['2 chicken legs, cooked', '1½ tbsp  sesame seeds', '4 wholewheat  noodle nests', '160g frozen edamame beans', '160g long-stemmed  broccoli, cut into small florets', '1 tbsp tahini', '2 tbsp sesame oil', '2 tsp honey', '1½ tbsp low-sodium  soy sauce', '1 tbsp rice wine vinegar']	Easy	[]
	['side-dish']	Any-roast apricot & pecan stuffing	['50g butter', '2 onions, halved and sliced', '4 celery sticks, chopped', '200g semi-dried apricot, halved', '3 garlic cloves, chopped', '140g pecan, roughly broken', '1 tsp ground nutmeg', '200g fresh  breadcrumb', '500g pack  pork mince', '1 large egg', '3 tbsp chopped soft thyme leaf', 'small pack chopped parsley']	Easy	['Freezable']
['british']		Creamy parsnip & mustard gratin	['800g parsnip, peeled', '400ml milk', '200ml double cream', '200ml vegetable stock', '4 tsp wholegrain mustard', '4 tbsp grated Twineham Grange cheese (see Know-how, below)', 'whole nutmeg, for grating']	Easy	['Freezable', 'Vegetarian']
	['dinner', 'main-course']	Roast guinea fowl crown with leg ‘shepherd’s pie’	['vegetable oil, for frying', '1 small guinea fowl, legs removed and reserved for the pie (see below)', '1 or 2 clementines, halved', '½ bunch of thyme', '3 tbsp butter', '2 guinea fowl legs', '100g bacon lardons', '8 baby onions or small shallots, halved', '2 carrots, chopped', '1 bay leaf', '2 tsp plain flour', '150ml red wine (optional)', '500ml chicken stock', 'handful of cavolo nero leaves or 4 Brussels sprouts, shredded', '2 large floury potatoes, peeled and quartered', '75ml whole milk']	Easy	[]
	['snack']	Avocado with tamari & ginger dressing	['1small garlic clove, shredded', '½ tsp shredded ginger', '1 tsp tamari', '2 tsp lemon juice', '1 avocado']	Easy	['Vegan', 'Vegetarian']
['italian']		Minty salmon & broccoli frittata	['500g new potato', '1 small head broccoli, cut into florets', '2 skinless salmon fillets', '1 tbsp olive oil', 'small handful mint, finely chopped', '8 eggs, beaten']	Easy	['Gluten-free']
['caribbean']	['dinner', 'main-course']	Sticky jerk & brown sugar ribs with pineapple rice	['2 x 500g racks pork ribs', '3 tbsp jerk seasoning', '600ml pineapple juice', '5 tbsp dark soft brown sugar', '4 tbsp cider vinegar', 'juice 1  lime', '1 tbsp vegetable oil', '1 large banana shallot, finely sliced', '1 green pepper, deseeded and finely diced', '200g pack fresh pineapple chunks, finely diced', '2 tsp brown sugar', '200g basmati rice, cooked and cooled', 'small bunch coriander, chopped']	Easy	['Freezable']
['chinese']	['condiment', 'dinner']	Five-spice powder	['2 tbsp cinnamon or 2 cinnamon sticks', '1 tbsp fennel seed', '6 star anise', '2 tsp Sichuan peppercorn', '1 tsp whole clove']	Easy	[]
['british']	['lunch']	Feta frittatas with carrot & celery salad	['2 tsp rapeseed oil, plus a drizzle for the salad (optional)', '1 large leek, well washed and thinly sliced', '25g baby spinach', '3 large eggs', '⅓ pack dill, stalks removed, fronds chopped', '2 tbsp natural bio-yogurt', '50g feta, crumbled', '1 garlic clove, finely grated', '2 tsp balsamic vinegar', '2 tsp tahini', '2 celery sticks, sliced', '2 carrots, peeled into ribbons', '1 very small  red onion, thinly sliced', '2 romaine lettuces leaves, torn into pieces', '6 pitted black Kalamata olive, rinsed and halved']	Easy	['Gluten-free']
['british']	['dinner', 'main-course', 'supper']	Marinated mackerel with green olive & celery dressing	['2 mackerel, filleted and pin bones removed', '½ tsp fennel seeds, toasted', '150ml olive oil', '3 banana shallots, sliced into rings', '1 ½ tbsp golden caster sugar', 'juice ½ lemon', '150ml red wine vinegar', '10 green olives, pitted and halved', '2 celery sticks, thinly sliced at an angle', '1 tsp chopped celery leaves', 'lemon wedges, to serve', 'crème fraîche, to serve (optional)']	Easy	['Gluten-free']
['american']	['dinner', 'main-course']	Lighter fish chowder	['1 ½ tbsp rapeseed oil', '3 slices prosciutto, trimmed of fat, cut into strips', '2-3  leeks, thinly sliced (about 320g trimmed weight)', '2 plump garlic cloves, finely chopped', '3 thyme sprigs (preferably lemon thyme), plus extra leaves to garnish', '2 bay leaves', '650g floury potato such as Desiree or Maris Piper, unpeeled, scrubbed, sliced 5mm thick', '600ml hot vegetable stock from a good-quality cube or powder (we used Marigold bouillon)', 'good pinch of  chilli flakes', '250g skinless  salmon fillet', '250g skinless  pollack or haddock fillets', '3 tbsp half-fat crème fraîche', 'snipped chives, to garnish']	Easy	['Healthy']
['british']	['dinner', 'main-course']	Cherry tomato & ham bread & butter bake	['25g butter, softened', '1 garlic clove, crushed', '4 thick slices stale white bread', '12 cherry tomatoes', '50g ham, roughly chopped', '500ml milk', '3 eggs', '50g cheddar, grated']	Easy	[]
['british']	['dinner', 'supper']	Poached salmon with pink grapefruit & basil sauce	"['1 pink  grapefruit', ""1batch hollandaise sauce (see 'Goes well with' below)"", '8large leaves fresh  basil, finely shredded', '2 bay leaves', '3sprigs fresh  thyme', '½ small onion, sliced', '3 tbsp wine  vinegar', '4 skinned  salmon fillets (about 120g each)']"	A challenge	[]
['greek']	['dinner', 'main-course']	Lamb burgers with tzatziki	['25g bulghar wheat', '500g extra-lean lamb mince', '1 tsp ground cumin', '1 tsp ground coriander', '1 tsp smoked paprika', '1 garlic clove, very finely crushed (optional)', 'oil, for brushing', 'large burger buns, sliced tomato and red onion, to serve', '5cm piece  cucumber, deseeded and coarsely grated', '200g pot thick Greek yogurt', '2 tbsp chopped mint, plus a handful of leaves to serve']	Easy	['Freezable (Freeze burgers only)']
['british']	['canapes']	Savoury party bites	"['Mango &  prawn skewers', 'Little caviar jackets', 'Sticky squash with sesame seeds', 'Chorizo & chilli mini pizzas', ""Goat's cheese on toast (all ingredients for recipes below)""]"	Easy	[]
['chinese']	['dinner', 'main-course']	Sticky duck with Chinese pickled radishes	['2 bunches radishes, sliced, leaves reserved (see below)', '2 tbsp golden caster sugar', '1 tbsp white wine vinegar', '1 tbsp low-salt soy sauce', '1 tbsp brown sugar', '1 red chilli, deseeded and sliced', '1 tsp clear honey', '1 tbsp low-salt  soy sauce', '1 tbsp rice wine', '1 tbsp white wine vinegar', '1 tsp five spice powder', '2 duck breasts', '1 tbsp vegetable oil', 'leaves from 2 bunches radishes', '2 garlic cloves, sliced', '1 tsp low-salt soy sauce', '1 tsp sesame oil', '1 tsp sesame seeds']	Easy	[]
['british']	['side-dish']	Sausage & cranberry stuffing	['1 onion, finely chopped', '25g butter', '2 slices white bread, whizzed to chunky breadcrumbs', '200g sausagemeat', '1 apple, peeled and grated', '200g cranberry', '50g pistachios', '4 sage leaves, finely sliced', '½ tsp mixed spice', 'bay leaves, to serve (optional)']	Easy	['Freezable']
['british']	['buffet', 'side-dish']	Sticky carrots with thyme & honey	['1kg Chantenay carrots, unpeeled, larger ones halved', '25g butter', 'few thyme sprigs', '1 tbsp honey']	Easy	['Healthy', 'Vegetarian']
['french']	['dinner', 'side-dish']	Creamy potato & shallot gratin	['25g butter', '400g shallots, thinly sliced', '1 bay leaf', '1 tsp thyme leaves', '500ml double cream', 'grated nutmeg, to season', 'small pinch cayenne powder', '1kg Desirée potatoes, peeled and thinly sliced']	Easy	['Vegetarian']
['swedish']	['buffet', 'starter']	Mini salmon & dill puffs	['185g pack poached salmon fillets', '200g full-fat soft cheese', 'small handful chopped dill', '375g sheet puff pastry', '1 eggs, beaten']	Easy	['Freezable']
['british']		Passion fruit pots with coconut stars	['350g caster sugar, plus a tbsp extra for decorating the stars', '900ml double cream', '8 ripe passion fruit (look for wrinkly ones)', '2 tbsp lime juice', '100g butter, softened', '140g plain flour, plus extra for dusting', '85g ground rice', '85g desiccated coconut', '2 egg yolks', '¼ tsp vanilla extract']	More effort	['Freezable (Biscuits only can be frozen)']
['british']	['dessert']	Hazelnut & Baileys meringue cake	['sunflower oil, for greasing', '150g toasted hazelnuts', '5 egg whites', '280g golden caster sugar', '1 tbsp white wine vinegar', '300ml pot double cream', '2 tbsp icing sugar, plus extra for dusting', '3 tbsp Irish cream liqueur (optional)', '200g pack fresh raspberries']	Easy	[]
['british']	['lunch', 'soup']	Spiced parsnip & ham soup	['1 tbsp olive oil', '1 tbsp mild curry powder', '250g cold roast potatoes and parsnips', '1l chicken or turkey stock', '100ml double cream, plus extra to drizzle', 'small handful shredded ham']	Easy	['Freezable']
['british']	['dinner', 'main-course']	Steak & stilton bruschetta	['1 large steak, such as sirloin, rib-eye or rump', '1 tsp olive oil', '1 ciabatta bread roll, halved', '1 tsp Dijon mustard', 'handful watercress', '50g stilton', 'splash balsamic vinegar']	Easy	[]
['thai']	['dinner', 'main-course', 'supper']	Leftover roast chicken pad Thai	['150g flat rice noodles (2-3mm wide)', '80ml groundnut oil or vegetable oil', '2 garlic cloves, finely chopped', 'small pack coriander, stalks and leaves separated, stalks finely chopped', '1 tbsp shrimp paste', '3 radishes, quartered', '4 spring onions, shredded', '180g pack raw king prawns', '150g leftover roast chicken', '2 large eggs', '100g beansprouts', '50g roasted peanuts, roughly chopped', 'lime wedges and chilli flakes (optional), to serve', '80ml fish sauce', '2 tbsp tamarind paste, thinned with 2 tbsp water', '80g palm sugar', '½ tbsp sriracha', '¼ tsp chilli powder (optional)']	Easy	[]
['british']	['snack']	Gooseberry & camomile jam	['1 ½kg gooseberries, washed', '100ml lemon juice (about 3 lemons)', '3 tbsp dried camomile flowers (taken from 3 tea bags)', '1kg white granulated sugar']	More effort	['Gluten-free', 'Vegan', 'Vegetarian']
['french']	['buffet', 'canapes', 'lunch', 'starter']	Mini pissaladières	['3 tbsp olive oil', '4 onions, thinly sliced', '2 garlic cloves, chopped', '2 tsp balsamic vinegar', '1 tsp dried herbes de Provence', '375g pack ready-rolled puff pastry', '100g pitted black olives, halved ', 'few sundried tomatoes, chopped', '50g can  anchovy, drained and halved lengthways ']	More effort	['Easily doubled', 'Easily halved', 'Freezable (uncooked )']
	['breakfast', 'brunch']	Mushroom, bacon & tomato French toast	['4 rashers  streaky bacon', '100g halved cherry tomatoes', '2 tbsp tomato chutney', '100g halved portobellini or chestnut mushrooms', '½ tbsp olive oil', '1 large egg', '300ml milk', '4 thick slices of white bread', '2 tbsp butter']	Easy	[]
	['breakfast', 'brunch', 'lunch']	Mozzarella-stuffed French toast	['150g grated hard mozzarella', '4 slices of thick white bread, crusts removed', '1 large egg', '150ml milk', '2 tbsp salted butter', 'chilli sauce']	Easy	['Vegetarian']
['british']	['dinner', 'side-dish']	Chilli & tangerine braised lentils	"['4 tbsp olive oil', '1 carrot, finely chopped', '1 onion, finely chopped', '1 celery stick, finely chopped', '2 red chillies, deseeded, finely chopped', '2 garlic cloves, finely chopped', '450g dried Puy lentils, rinsed', ""1.2l hot ham cooking liquor (see 'Goes well with'), plus extra if needed"", 'juice 6 tangerines, plus zest of 3', '2 tbsp crème fraîche', '1 bunch flat-leaf parsley, chopped']"	Easy	['Healthy']
['greek']	['buffet', 'canapes', 'lunch', 'side-dish', 'snack']	Ricotta & spinach filo bites	['2 tbsp olive oil', '1 bunch spring onion, finely chopped', '200g frozen leaf spinach, thawed, well-drained and finely chopped', '200g pack feta cheese, drained', '250g tub ricotta', '1 tbsp chopped dill', '2 eggs, lightly beaten', '20 sheets filo pastry', '175g butter, melted, for brushing']	More effort	['Easily halved', 'Freezable', 'Vegetarian']
	['snack']	Brown sugar & cinnamon glazed popcorn	['50g light brown sugar', '10g butter', '3 tbsp double cream', 'a sprinkle of ground cinnamon', '25g popcorn kernels']	Easy	['Gluten-free']
['british']	['canapes', 'starter']	Charred chicory cups & walnut brittle	['sunflower oil, for greasing', '100g golden caster sugar', '50g walnut halves', '1 tsp caraway seeds', '1 tsp fennel seeds', '50g soft blue cheese', '50g cream cheese', '4 chicory heads', '200g butternut squash, peeled and coarsely grated', '2 pickled walnuts, cut into small pieces (I used Opies)', '1-2 green chillies, finely sliced']	More effort	['Vegetarian']
	['treat']	Grandmaster Glitch chocolate moustache biscuits	['125g salted butter, softened', '125g caster sugar', '1 medium egg, lightly beaten', '1 tsp vanilla extract', '200g plain flour', '50g cocoa powder', 'moustache biscuit cutter or template cut from a piece of card', 'wooden coffee stirrer sticks', '100g melted milk chocolate or dark chocolate', 'chocolate sprinkles']	Easy	[]
['british']	['snack', 'starter', 'treat']	Elderflower fritters with honey	['16 elderflowers heads', 'sunflower oil, for deep-frying', '100g self-raising flour', '2 tsp cornflour', '2 tsp golden caster sugar', '1 egg', '175ml sparkling water', 'icing sugar', 'orange blossom honey']	Easy	['Vegetarian']
['british']	['lunch', 'main-course']	Nettle & blue cheese rarebit	['1 tbsp olive oil', '200g nettle leave', '200ml tub crème fraîche', '1 tsp wholegrain mustard', '140g British blue cheese, such as Blue Vinney', '4 slices sourdough bread']	Easy	[]
['latin-american']	['side-dish']	Smoky corn & avocado salsa	['2 large sweetcorn cobs', '1 large red pepper', '1 large orange pepper', 'bunch  spring onion, finely sliced', '3 tomatoes, deseeded and chopped small', '1 ripe  avocado, cut into small cubes', 'juice 1  lime', 'small bunch coriander']	Easy	['Easily doubled', 'Healthy', 'Vegan', 'Vegetarian']
['indian']	['buffet', 'lunch', 'treat']	Sweet potato & pea puffs	['500g block  puff pastry', 'flour, for dusting', '1 egg, beaten', '1 ½ tbsp sesame seeds', '1 tbsp vegetable oil', '1 tbsp cumin seeds', '250g sweet potato, finely diced', '140g frozen pea, defrosted', '1 red chilli, finely chopped', '½ tsp sugar', '2 tsp garam masala', '½ tsp ground turmeric', '1 large  onion, finely chopped', 'large pack  coriander, roughly chopped', 'large pack  mint, roughly chopped', 'juice ½ lemon', 'chutney, to serve']	Easy	['Freezable', 'Vegetarian']
['british']	['afternoon-tea', 'treat']	Very chocolatey cake	['3 eggs', '200g golden caster sugar', '200g very soft butter', '200g self-raising flour', '1 tsp baking powder', '3 tbsp cocoa powder', '100g chocolate drops (milk, plain, white or a mix of all three)', '300g soft butter', '100g icing sugar', '400g melted plain chocolate']	Easy	[]
['middle-eastern']	['side-dish']	Middle Eastern carrot salad	['½ tsp orange blossom water', '½ tsp ground cumin', '1 tbsp extra virgin olive oil', 'juice ½ lemon', '500g carrot, shredded or grated', 'large handful small mint leaves']	Easy	['Gluten-free', 'Healthy', 'Vegan', 'Vegetarian']
	['cocktails', 'drink']	Blood beetroot cocktails	['200g raw beetroot, grated', 'juice 8 lemons', '200g golden caster sugar', '300ml Aperol', 'ice', '750ml prosecco, chilled']	Easy	['Gluten-free', 'Vegetarian']
['middle-eastern']	['lunch', 'side-dish']	Quick quinoa tabbouleh	['200g quinoa', 'juice 1-2 lemons', '4 tbsp olive oil', 'small bunch mint, chopped', 'small bunch flat-leaf parsley, chopped', 'bunch spring onions, sliced', '½ cucumber, deseeded and diced', 'handful walnuts, chopped']	Easy	['Healthy', 'Vegetarian']
['british']	['side-dish', 'starter', 'vegetable']	Butter-fried asparagus with black olive & lemon mayonnaise	['200g clarified butter', '50g plain flour', '3 eggs, beaten', '200g brioche, blitzed into crumbs', '16medium English asparagus spears, bottom of stem peeled', 'parmesan, grated, to serve', '100g stoned black olives (75g whole, 25g chopped)', '2 egg yolks', '1 tbsp balsamic vinegar', '1 tsp Dijon mustard', '1 salted anchovy', '250ml light olive oil', 'squeeze lemon juice', 'pinch cayenne pepper']	Easy	[]
	['side-dish']	Crispy bacon	['6-8 rashers  streaky bacon']	Easy	['Gluten-free']
['british']	['dinner', 'main-course']	Rosie's roast chicken	['1 organic, free-range chicken, about 1.8kg', '½ onion', '4 garlic cloves', '1 bay leaf', '2 thyme sprigs', 'small bunch tarragon', '40g unsalted butter']	Easy	['Gluten-free']
['british']	['buffet', 'canapes', 'side-dish', 'starter']	Mini chilli beef pies	['450g pack ready-rolled shortcrust pastry', '1 tbsp sunflower oil', '1 small  onion, chopped ', '2 tsp hot  chilli powder', '2 tsp ground cumin', '250g pack  minced beef', '85g tomato purée', '150ml beef stock', 'large pinch ground cinnamon', '200g kidney bean, drained and rinsed', '1 large  potato  (about 250g/9oz), peeled and cut into chunks', '3 tbsp soured cream', '2 tbsp chopped   chive']	Easy	['Easily doubled', 'Freezable']
['british']	['buffet']	Mummy hot dogs	['oil, for greasing', '1 tbsp honey', '1 tbsp ketchup', '2 tsp yellow mustard, plus a little extra to decorate', '12 chipolatas', 'tube of 6 ready-to-roll  croissant (look in the chiller cabinets near the pastry in the supermarkets)']	Easy	['Freezable']
['american']	['dinner', 'side-dish']	Spinach madeleine	['50g butter', '2 tbsp flour', '1 onion, finely chopped', '1 garlic clove, crushed', '½ 250g tub mascarpone', '500g frozen chopped spinach, thawed and liquid collected', '140g grated cheddar', '1 tbsp jalapeño pepper from a jar, drained and chopped', '½ tsp celery salt', '¼ tsp paprika']	Easy	['Vegetarian']
['british']	['treat']	Vanilla & poppy seed swirl cake	"[""400g '00' or sponge flour"", '7g sachet or 1½ tsp  fast-action dried yeast', '50g golden caster sugar', '100ml milk, warmed', '3 large eggs, beaten', '150g butter (from a 250g pack - use the rest in the filling), really soft but not melting or greasy', '100g flaked almond', '140g poppy seed', '100g butter (save 1 tbsp for greasing)', '1 tbsp vanilla extract', '4 tbsp clear honey', '85g icing sugar', '2 tsp vanilla extract']"	More effort	['Freezable']
['british']	['drink']	Chilli vodka	['2 fat red chillies, plus extra for bottling', '1l vodka']	Easy	[]
['british']	['buffet', 'dinner', 'lunch', 'main-course', 'supper']	Modern-day chicken kiev	['4 skinless, boneless chicken breasts, with the mini fillets attached', '100g plain flour', '3 eggs, beaten', '200g fine, dry breadcrumbs', 'sunflower oil  or vegetable oil, for frying', 'lemon  wedges and watercress, to serve', '1 garlic clove, crushed', 'small handful parsley, leaves finely chopped', '2 sprigs tarragon, leaves finely chopped', '50g butter, softened', 'squeeze lemon juice']	A challenge	['Freezable (for up to 1 month)']
['british']	['dinner', 'main-course', 'supper']	Grilled sea trout with raw pea salsa	"['2 x 150g sea trout portions, skin on', '20g seasoned flour', '50g room-temperature butter', '25g lard or rapeseed oil', '50g streaky bacon, diced', '3 tbsp rapeseed oil', '1 tsp capers, drained and rinsed', 'zest ½ lemon, plus 1 tsp juice', ""1 green chilli (deseeded if you don't like it too hot), diced"", '½ tsp clear honey', '100g podded peas', '1 tbsp chopped dill', '80g good-quality crème fraîche, whipped']"	Easy	[]
['british']	['breakfast', 'brunch']	Baked salmon & eggs	['6 crusty white rolls (poppy seed ones look lovely)', '25g butter, melted', '6 slices smoked salmon or gravadlax', '6 medium eggs', 'a few snipped chives']	Easy	['Healthy']
	['dinner', 'main-course']	Roast guinea fowl crown with leg ‘shepherd’s pie’	['vegetable oil, for frying', '1 small guinea fowl, legs removed and reserved for the pie (see below)', '1 or 2 clementines, halved', '½ bunch of thyme', '3 tbsp butter', '2 guinea fowl legs', '100g bacon lardons', '8 baby onions or small shallots, halved', '2 carrots, chopped', '1 bay leaf', '2 tsp plain flour', '150ml red wine (optional)', '500ml chicken stock', 'handful of cavolo nero leaves or 4 Brussels sprouts, shredded', '2 large floury potatoes, peeled and quartered', '75ml whole milk']	Easy	[]
['british']	['dinner', 'lunch', 'main-course', 'supper']	Fish finger sandwiches	['30g pack fajita seasoning', '50g plain flour', '2 large eggs, beaten', '100g dried breadcrumbs', '500g skinless and boneless cod, cut into chunky fish fingers cod', 'oil, for frying', '4 white crusty bread rolls, sliced in half', '4 tbsp mayonnaise', '½ iceberg lettuce, shredded', 'tomatoes', 'gherkins', 'lemon wedges']	Easy	['Freezable']
['british']	['cocktails', 'drink']	Elderflower & gooseberry vodka	['300g gooseberries', '20 elderflowers heads, flowers picked and stalks discarded', 'few strips lemon peel', '700ml bottle good-quality vodka', '350g golden caster sugar']	Easy	['Freezable', 'Gluten-free']
['french']	['afternoon-tea', 'dessert', 'treat']	Eclairs	['170g lightly salted butter, chopped into small cubes', '200g plain flour', '5 medium eggs, beaten', '300ml milk', '150ml double cream', '3 egg yolks', '50g white caster sugar', '3 tbsp cornflour', 'One of the flavourings from our fillings recipes - find the link to the recipes in the method', 'disposable piping bags', '1.5cm round piping nozzle']	A challenge	['Vegetarian']
['british']	['dinner', 'main-course']	Cherry tomato & ham bread & butter bake	['25g butter, softened', '1 garlic clove, crushed', '4 thick slices stale white bread', '12 cherry tomatoes', '50g ham, roughly chopped', '500ml milk', '3 eggs', '50g cheddar, grated']	Easy	[]
['british']	['dinner', 'supper']	Poached salmon with pink grapefruit & basil sauce	"['1 pink  grapefruit', ""1batch hollandaise sauce (see 'Goes well with' below)"", '8large leaves fresh  basil, finely shredded', '2 bay leaves', '3sprigs fresh  thyme', '½ small onion, sliced', '3 tbsp wine  vinegar', '4 skinned  salmon fillets (about 120g each)']"	A challenge	[]
['chinese']	['main-course']	Sticky green stir-fry with beef	['1 tbsp sunflower oil', 'sirloin steaks, trimmed of fat and thinly sliced', '1 head  broccoli, cut into small florets', '2 garlic cloves, sliced  ', '300g sugar snap peas', '4 spring onions, thickly sliced', '3 pak choi, leaves separated and cut into quarters', '4 tbsp hoisin sauce']	Easy	[]
['british']	['canapes']	Savoury party bites	"['Mango &  prawn skewers', 'Little caviar jackets', 'Sticky squash with sesame seeds', 'Chorizo & chilli mini pizzas', ""Goat's cheese on toast (all ingredients for recipes below)""]"	Easy	[]
['italian']	['condiment', 'dinner']	Crushed broad bean pesto	['300g podded fresh  broad bean (or use frozen)', '2 garlic cloves, halved lengthways', '3 anchovy fillets, chopped', '25g parmesan, grated', 'juice and zest ½  lemon', '3 tbsp olive oil']	Easy	['Healthy']
['mediterranean']	['dinner', 'main-course']	Mediterranean prawn salad	['juice 1 lemon', '4 tbsp extra-virgin olive oil', 'pinch dried chilli flakes', '1 sliced red onion', '1 sliced fennel bulb', '1 large handful rocket', '200g cooked prawn', 'garlic bread, to serve (optional)']	Easy	[]
['english']	['dessert']	Gooseberry & elderflower mess	['300g gooseberry (we used red ones - see tip below), tops pinched off', '50g golden caster sugar, plus 2 tbsp', '2 tbsp elderflower cordial', '600ml pot whipping cream', 'about 100g meringue (4-5 large nests), roughly crumbled']	Easy	[]
	['afternoon-tea']	Chai teabags	['18 cardamom pods, cracked', '2 tbsp ground ginger', '1 tbsp ground cinnamon', '½ tbsp ground black pepper', '½ nutmeg, grated ', '¼ tsp ground cloves', '150g black assam tea leaves']	Easy	['Gluten-free', 'Healthy', 'Vegetarian']
	['treat']	Banoffee chocolate cups	['150g dark chocolate, chopped ', '150g milk chocolate, chopped', '12 mini digestive biscuits (or some crushed digestive biscuits)', '40g banana chips, finely crumbled', '100g dulce de leche', 'chocolate curls, gold sprinkles or edible gold leaf, to decorate (optional)']	Easy	['Vegetarian']
['chinese']	['dinner', 'main-course']	Hoisin beef with crispy noodle cake	['300g/11oz piece rump or  sirloin steak', '3 tbsp hoisin sauce', 'small bunch mint, leaves only', '6 radishes, thinly sliced', '3 eggs, beaten', '200g dried  egg noodle, cooked', '140g stir-fry vegetable (we used beansprouts, spring onions, peppers, cabbage and mushrooms)', '1 tbsp sweet chilli sauce', '1 tbsp soy sauce', '2 tbsp sunflower oil']	Easy	[]
['moroccan']	['dinner', 'main-course']	Harissa prawn skewers with carroty couscous	['1 tbsp olive oil', '1 ½ tsp cumin seed', '3 carrots, coarsely grated', '200g couscous', '400g raw prawn', '16 cherry tomatoes', '1 onion, cut into 12 thin wedges, leaving root intact', '1 tbsp harissa', '2 tsp tahini paste', '2 tbsp low-fat natural yogurt', '1 small  garlic clove, crushed', 'juice ½  lemon, plus wedges, to serve', 'handful mint leaves, roughly chopped']	Easy	['Healthy']
['indian']	['condiment', 'dinner']	Easy garam masala	['2 tbsp coriander seed', '1 tbsp cumin seed', '2 tsp black peppercorn', '2 tsp ground cinnamon or ½ cinnamon stick', '1 tsp cardamom seeds (seeds from about 20 pods)', '1 tsp fennel seed', '½ tsp whole cloves', '4 dried  bay leaves']	Easy	[]
['british']	['dinner', 'main-course']	Brown butter sole with peas & mussels	['1 tsp sunflower oil', '50g butter', '4 lemon sole fillets', '200g fresh podded pea (or frozen)', '100g mussel, washed and de-bearded', 'small splash of dry cider (about 2 tbsp)', 'juice ½ lemon, plus wedges to serve', 'large handful pea shoots, to serve']	More effort	[]
	['dessert']	Slow cooker muscovado cheesecake with hazelnuts & blackberries	['50g butter, melted, plus extra for greasing', '225g oat biscuits (such as Hobnobs)', '100g blanched hazelnuts', '250g light muscovado sugar', '4 tbsp full-fat milk', '750g full-fat cream cheese', '2 tbsp plain flour', '1 tsp vanilla extract', '3 large eggs', '200ml pot soured cream', '1 tbsp Frangelico (optional)', '2 tsp cornflour', '3 tbsp golden caster sugar', '200g blackberries']	More effort	[]
['moroccan']	['buffet', 'lunch', 'side-dish']	Couscous with courgette, fried onions & herbs	['2 onions, sliced', '2 tbsp olive oil', '2 courgettes, grated', '300g couscous', '400g can  chickpea, drained', '600ml vegetable or  chicken stock', 'juice 2  lemons', '6 spring onions, sliced', 'small bunch  mint', 'small bunch coriander', 'small bunch dill', 'handful rocket, chopped']	Easy	['Healthy', 'Vegetarian']
['moroccan']	['dinner', 'starter']	Roasted squash salad with creamy homemade labneh	['600g Greek yogurt', '1 fat butternut squash', '3 tbsp olive oil', '1 tbsp pomegranate molasses', '1 tbsp clear honey', '2 tbsp red wine vinegar', '50g mixed baby leaves (or wild rocket, pea shoots or beet leaves)', '1 small red onion, finely chopped', 'seeds from 1  pomegranate (or 110g tub ready-prepared pomegranate seeds), or small handful redcurrants']	Easy	['Vegetarian']
['british']	['breakfast', 'brunch']	Strawberry brunch bruschettas	['2 slices good-quality fruit & nut  bread', '50g unsalted butter', '200g ripe strawberry, halved', '4 tbsp clear honey', '¼ tsp vanilla bean paste (or use extract)', '3 tbsp toasted flaked almond', 'pinch of  sea salt flakes', '4 tbsp ricotta (or more, if you like)']	Easy	[]
['british']	['dessert', 'treat']	Chocolate & sesame loaf cake	['200g butter, plus extra for greasing', '200g dark chocolate, chopped', '200g golden caster sugar', '100ml strong espresso', '100ml soured cream', '2 eggs', '200g self-raising flour', '5 tsp cocoa powder', '250g self-raising flour', '150g tahini', '1 heaped tsp baking powder', '150ml strong black coffee', '150g golden caster sugar', '¼ tsp cinnamon', '2 tbsp milk', '200ml double cream', '40g butter', '200g dark chocolate, chopped', '4 x 30g pack sesame snaps']	Easy	['Freezable (un-iced)', 'Vegetarian']
	['brunch', 'lunch']	Cheesy stuffed pancakes	['350g mascarpone', '½ small bunch of chives, finely chopped, plus extra to serve', '150g gruyère, comté or other hard cheese, including vegetarian alternatives, grated', '8 shop-bought unsweetened pancakes (or see tips below for our recipe)', '350g leftover cooked ham or smoked salmon (optional)']	Easy	['Vegetarian']
['british']	['dinner', 'lunch', 'main-course', 'supper']	Sautéed haddock with summer veg	['700g new potatoes', '350g button onions, peeled', '5 tbsp olive oil', '2 ½ tbsp lemon  juice', '24 asparagus  spears', '150ml  half-fat crème fraîche', '1-2 tbsp capers, finely chopped', 'knob of butter', '250g  punnet cherry tomatoes, halved', 'flour  seasoned with salt, for dusting', '6 x  fillets of fresh haddock, skinned', '2-3 tbsp olive oil', 'knob of butter']	Easy	[]
['chinese']	['dessert', 'dinner']	Lychee & ginger sorbet	['2 x 400g cans lychees in syrup', '2 tsp caster sugar', 'thumb-size piece ginger, sliced', '1 egg white', '2 pieces  stem ginger in syrup, shredded plus some syrup to serve']	Easy	['Freezable']
['british']	['cocktails']	Simnel cake sour	['25ml kirsch or brandy', '100ml amaretto', 'juice 1 lemon', 'juice 1 orange', '100ml madeira', 'ice', '50g golden marzipan', '100g golden caster sugar', 'thick strip of orange zest', '1 tsp cinnamon', '1 tsp mixed spice', 'pinch dried ginger', '4 cocktail sticks']	Easy	[]
['chinese']	['main-course']	Sticky green stir-fry with beef	['1 tbsp sunflower oil', 'sirloin steaks, trimmed of fat and thinly sliced', '1 head  broccoli, cut into small florets', '2 garlic cloves, sliced  ', '300g sugar snap peas', '4 spring onions, thickly sliced', '3 pak choi, leaves separated and cut into quarters', '4 tbsp hoisin sauce']	Easy	[]
['british']	['snack']	Spiced almonds	['20g unsalted, unroasted almonds', 'pinch of smoked paprika']	Easy	['Gluten-free', 'Vegetarian']
	['dinner']	Fish cake fingers	['800g floury potato', '2 skinless  salmon fillets (about 250g), cut into chunks', '3 smoked mackerel fillets (about 140g)', 'zest 1  lemon, saving juice to serve', 'plain flour, for dusting', '3 eggs', '100g dried breadcrumb', '3 tbsp sunflower oil, plus more if needed', '6 tbsp mayonnaise', 'lemon juice, from above', '1 small  garlic clove, chopped (optional)', '200g frozen pea, cooked', 'few handfuls watercress']	Easy	['Freezable']
['mediterranean']	['dinner', 'main-course']	Mediterranean prawn salad	['juice 1 lemon', '4 tbsp extra-virgin olive oil', 'pinch dried chilli flakes', '1 sliced red onion', '1 sliced fennel bulb', '1 large handful rocket', '200g cooked prawn', 'garlic bread, to serve (optional)']	Easy	[]
['english']	['breakfast', 'brunch']	Staffordshire oatcakes with mushrooms	['85g porridge oats', '85g plain wholemeal flour', '½ tsp dried yeast', '4 tsp rapeseed oil, plus a little for frying', '320g button mushrooms, sliced', '4 tomatoes, each cut into 8 wedges', '4 tbsp milled seeds with flax and chia', '4 tbsp tahini', 'a few coriander sprigs, chopped']	Easy	['Freezable (oatcakes only)', 'Dairy-free', 'Egg-free', 'Healthy', 'Vegan', 'Vegetarian']
['british']	['dinner']	Chicken stuffed with goat’s cheese & tarragon	"[""140g soft goat's cheese (we used Pant-Ysgawn Farm Organic)"", 'zest ½ lemon', ""½ long  red chilli (deseeded if you don't like it too hot), finely chopped"", '1 tbsp finely chopped tarragon', '4 skinless  chicken breasts', '8 slices prosciutto']"	Easy	['Freezable', 'Gluten-free']
['british']	['dinner', 'main-course']	Brown butter sole with peas & mussels	['1 tsp sunflower oil', '50g butter', '4 lemon sole fillets', '200g fresh podded pea (or frozen)', '100g mussel, washed and de-bearded', 'small splash of dry cider (about 2 tbsp)', 'juice ½ lemon, plus wedges to serve', 'large handful pea shoots, to serve']	More effort	[]
['moroccan']	['dinner', 'main-course']	Barramundi with Moroccan spices	['2 x 350g/12oz barramundi, gutted and scaled', '½ tsp ground  cumin', '½ tsp coriander', 'pinch paprika', 'pinch chilli powder', '2 garlic clove, roughly chopped ', 'juice 1  lemon', '5 tbsp olive oil', 'small bunch coriander . roughly chopped']	Easy	[]
['english']	['dessert']	Gooseberry & elderflower mess	['300g gooseberry (we used red ones - see tip below), tops pinched off', '50g golden caster sugar, plus 2 tbsp', '2 tbsp elderflower cordial', '600ml pot whipping cream', 'about 100g meringue (4-5 large nests), roughly crumbled']	Easy	[]
['british']	['dinner', 'main-course', 'supper', 'treat']	Crispy fish & chips with mushy peas	['400g baking potato', '2 tsp olive oil', '2 slices  white bread', '2 white fish  fillets, such as haddock, hoki, pollock', '1 tbsp plain flour, seasoned', '1 egg, beaten', '140g frozen pea  with mint', '2 tbsp crème fraîche']	Easy	['Easily halved', 'Freezable', 'Healthy']
['british']	['treat']	Mini chocolate cheesecakes	['14 milk chocolate  digestive biscuits, finely crushed', '100g butter, melted', '500g tub ricotta', '3 eggs, beaten', '1 tsp vanilla extract', '200g cheap  dark chocolate, broken into chunks and melted', '125g icing sugar', '36 mini  chocolate eggs']	Easy	[]
	['brunch', 'lunch']	Cheesy stuffed pancakes	['350g mascarpone', '½ small bunch of chives, finely chopped, plus extra to serve', '150g gruyère, comté or other hard cheese, including vegetarian alternatives, grated', '8 shop-bought unsweetened pancakes (or see tips below for our recipe)', '350g leftover cooked ham or smoked salmon (optional)']	Easy	['Vegetarian']
	['dinner', 'main-course', 'supper']	Little beef & mushroom pies	['30g dried porcini mushroom, finely chopped', '1 tbsp vegetable bouillon powder', '1 tbsp balsamic vinegar', '2 medium baking potatoes, cut into chunks (475g)', '1 small celeriac, peeled and cut into large chunks (500g)', '½ tsp ground  white pepper', '2 tsp rapeseed oil', '2 large onions, halved and sliced', '400g 5% lean beef mince', '125g baby chestnut mushrooms, halved if large', '2 tsp chopped sage', '25g stilton, crumbled (optional)', '320g spinach or chard', '320g frozen peas']	Easy	['Freezable', 'Gluten-free', 'Healthy']
['british']	['fish-course', 'lunch', 'main-course', 'supper']	Hot smoked salmon with new potatoes & watercress	['1 small red onion, thinly sliced into half moons', '1 tbsp white wine or rice wine vinegar', '200g baby new potatoes or Jersey royals, halved if large', '2 tbsp buttermilk', '1 ½ tbsp low-fat mayonnaise', '1 tbsp freshly grated horseradish, or from a jar', '100g fine green beans, trimmed', '1 small sweet red apple, cored and sliced', '2 hot smoked salmon fillets (about 300g/11oz), skin removed, broken into pieces', '100g watercress, roughly chopped']	Easy	[]
['british']	['lunch', 'main-course', 'supper']	Spring vegetable broth with shredded chicken	['1 tbsp olive oil', '1large chicken breast, skin on', '500ml chicken stock', '1slice sourdough bread, cut into cubes', '2 tbsp grated parmesan', '2large handfuls spring greens, finely sliced', '4 asparagus spears, trimmed, halved and cut into chunky pieces', '40g fresh or frozen peas', '400g can borlotti beans, drained and rinsed']	Easy	[]
['greek']	['dinner', 'lunch', 'supper']	Halloumi with triple crunch salad	['2 tbsp white wine vinegar', '1 tsp clear honey', '1 tsp Dijon mustard', '2 x 250g packs halloumi cheese, sliced', '1 tbsp mayonnaise', '150g pack radishes, coarsely grated', '150g pack sugar snap peas, sliced lengthwise', '½ cucumber, cut into thin batons']	Easy	['Vegetarian']
['british']	['lunch', 'main-course']	Mushroom & baby spinach tart	['500g block all-butter shortcrust pastry', 'flour, for dusting', '1 tbsp olive oil', '175g button mushrooms, sliced', '140g baby spinach leaves, roughly chopped', '5 eggs, beaten', '100ml milk', '200ml double cream', '200g mature English cheddar, grated', '2 thyme sprigs, leaves stripped']	More effort	['Vegetarian']
['british']	['dessert']	Custard filling	['1 vanilla pod', '500ml full-fat milk', '6 egg yolks', '125g golden caster sugar, plus an extra 2 tbsp', '80g plain flour', '200ml double cream']	More effort	[]
['moroccan']	['dinner', 'main-course']	Harissa prawn skewers with carroty couscous	['1 tbsp olive oil', '1 ½ tsp cumin seed', '3 carrots, coarsely grated', '200g couscous', '400g raw prawn', '16 cherry tomatoes', '1 onion, cut into 12 thin wedges, leaving root intact', '1 tbsp harissa', '2 tsp tahini paste', '2 tbsp low-fat natural yogurt', '1 small  garlic clove, crushed', 'juice ½  lemon, plus wedges, to serve', 'handful mint leaves, roughly chopped']	Easy	['Healthy']
['indian']	['condiment', 'dinner']	Easy garam masala	['2 tbsp coriander seed', '1 tbsp cumin seed', '2 tsp black peppercorn', '2 tsp ground cinnamon or ½ cinnamon stick', '1 tsp cardamom seeds (seeds from about 20 pods)', '1 tsp fennel seed', '½ tsp whole cloves', '4 dried  bay leaves']	Easy	[]
['italian']	['dinner', 'main-course', 'pasta', 'supper']	Poor man's vongole rosso	['2 tbsp olive oil', '3 garlic cloves, thinly sliced', '400g can cherry tomatoes', 'glass of white wine', 'small pinch of golden caster sugar', '750g cockles, rinsed', '400g linguine', '1 tbsp good-quality extra virgin olive oil']	Easy	['Healthy']
['british']	['buffet', 'main-course']	Pistachio & cranberry pork pie	['300g cranberry', '3 tbsp caster sugar', 'juice ½ orange', '1 tbsp olive oil', '1 onion, finely chopped', '4 rashers smoked streaky bacon, chopped', '2 garlic cloves, crushed', 'few thyme sprigs, leaves only', '6 sage leaves, chopped', '500g pork mince', '75g pistachio', 'little freshly grated nutmeg', '450g plain flour', '100g lard', '4 tbsp milk', '1 egg, beaten']	More effort	['Freezable']
['moroccan']	['buffet', 'lunch', 'side-dish']	Couscous with courgette, fried onions & herbs	['2 onions, sliced', '2 tbsp olive oil', '2 courgettes, grated', '300g couscous', '400g can  chickpea, drained', '600ml vegetable or  chicken stock', 'juice 2  lemons', '6 spring onions, sliced', 'small bunch  mint', 'small bunch coriander', 'small bunch dill', 'handful rocket, chopped']	Easy	['Healthy', 'Vegetarian']
	['dinner', 'main-course']	Butternut, chestnut & lentil cake	['1 large butternut squash', '3 tbsp sunflower oil, plus extra for greasing', '3 onions, chopped', '15g pack of sage, 12 leaves reserved, rest finely chopped', '2sprigs rosemary, leaves stripped and chopped, plus a few springs to serve', '3 garlic cloves, crushed', '1 tsp ground mace', '2 tbsp ground chia seeds or linseeds (flaxseeds)', '2 x 200g packs cooked chestnuts', '2 x 400g cans brown lentils, rinsed and drained', '200g wholemeal vegan breadcrumbs', '3 tbsp rapeseed oil']	A challenge	['Freezable', 'Healthy', 'Vegan']
['moroccan']	['dinner', 'starter']	Roasted squash salad with creamy homemade labneh	['600g Greek yogurt', '1 fat butternut squash', '3 tbsp olive oil', '1 tbsp pomegranate molasses', '1 tbsp clear honey', '2 tbsp red wine vinegar', '50g mixed baby leaves (or wild rocket, pea shoots or beet leaves)', '1 small red onion, finely chopped', 'seeds from 1  pomegranate (or 110g tub ready-prepared pomegranate seeds), or small handful redcurrants']	Easy	['Vegetarian']
['british']		Tear & share pasty	['500g strong white bread flour', '100g lard, chilled and chopped', '140g butter, chilled and chopped', '1 egg, beaten', '350g beef skirt, cut into small cubes', '300g waxy potatoes such as Charlottes, chopped into small pieces', '175g swede, chopped into small pieces', '1 onion, chopped', 'seasonal leaf, such as spinach, baby kale and radicchio, and a mustardy dressing (optional)']	More effort	['Freezable']
['moroccan']	['dinner', 'main-course']	Barramundi with Moroccan spices	['2 x 350g/12oz barramundi, gutted and scaled', '½ tsp ground  cumin', '½ tsp coriander', 'pinch paprika', 'pinch chilli powder', '2 garlic clove, roughly chopped ', 'juice 1  lemon', '5 tbsp olive oil', 'small bunch coriander . roughly chopped']	Easy	[]
['british']	['drink', 'treat']	Peppermint hot chocolate	['200g bar plain chocolate, broken into chunks', '600ml milk', '150ml pot single or double cream', 'sugar, to taste', '6 peppermint candy canes, to serve']	Easy	[]
['british']	['dinner', 'main-course', 'supper', 'treat']	Crispy fish & chips with mushy peas	['400g baking potato', '2 tsp olive oil', '2 slices  white bread', '2 white fish  fillets, such as haddock, hoki, pollock', '1 tbsp plain flour, seasoned', '1 egg, beaten', '140g frozen pea  with mint', '2 tbsp crème fraîche']	Easy	['Easily halved', 'Freezable', 'Healthy']
['british']	['treat']	Mini chocolate cheesecakes	['14 milk chocolate  digestive biscuits, finely crushed', '100g butter, melted', '500g tub ricotta', '3 eggs, beaten', '1 tsp vanilla extract', '200g cheap  dark chocolate, broken into chunks and melted', '125g icing sugar', '36 mini  chocolate eggs']	Easy	[]
['british']	['fish-course', 'lunch', 'main-course', 'supper']	Hot smoked salmon with new potatoes & watercress	['1 small red onion, thinly sliced into half moons', '1 tbsp white wine or rice wine vinegar', '200g baby new potatoes or Jersey royals, halved if large', '2 tbsp buttermilk', '1 ½ tbsp low-fat mayonnaise', '1 tbsp freshly grated horseradish, or from a jar', '100g fine green beans, trimmed', '1 small sweet red apple, cored and sliced', '2 hot smoked salmon fillets (about 300g/11oz), skin removed, broken into pieces', '100g watercress, roughly chopped']	Easy	[]
['british']	['lunch', 'main-course']	Mushroom & baby spinach tart	['500g block all-butter shortcrust pastry', 'flour, for dusting', '1 tbsp olive oil', '175g button mushrooms, sliced', '140g baby spinach leaves, roughly chopped', '5 eggs, beaten', '100ml milk', '200ml double cream', '200g mature English cheddar, grated', '2 thyme sprigs, leaves stripped']	More effort	['Vegetarian']
['french']	['dessert', 'dinner', 'lunch', 'treat']	Basic pancakes	['100g plain flour', '2 eggs', '300ml/½ pint semi-skimmed milk', '1 tbsp vegetable or sunflower oil, plus extra for frying']	Easy	['Easily doubled', 'Freezable (Can be frozen (pancakes only))']
	['dinner', 'main-course']	Butternut, chestnut & lentil cake	['1 large butternut squash', '3 tbsp sunflower oil, plus extra for greasing', '3 onions, chopped', '15g pack of sage, 12 leaves reserved, rest finely chopped', '2sprigs rosemary, leaves stripped and chopped, plus a few springs to serve', '3 garlic cloves, crushed', '1 tsp ground mace', '2 tbsp ground chia seeds or linseeds (flaxseeds)', '2 x 200g packs cooked chestnuts', '2 x 400g cans brown lentils, rinsed and drained', '200g wholemeal vegan breadcrumbs', '3 tbsp rapeseed oil']	A challenge	['Freezable', 'Healthy', 'Vegan']
['british']		Tear & share pasty	['500g strong white bread flour', '100g lard, chilled and chopped', '140g butter, chilled and chopped', '1 egg, beaten', '350g beef skirt, cut into small cubes', '300g waxy potatoes such as Charlottes, chopped into small pieces', '175g swede, chopped into small pieces', '1 onion, chopped', 'seasonal leaf, such as spinach, baby kale and radicchio, and a mustardy dressing (optional)']	More effort	['Freezable']
['british']	['dessert']	Hot cross bun cheesecakes	['150g ginger biscuits', '25g sultanas', '25g mixed peel', '50g butter', '½ tsp cinnamon', '280g pack cream cheese', '25g caster sugar', '1 tsp vanilla extract', '½ tsp cinnamon', '100g mascarpone', '2 eggs, lightly beaten', '150g icing sugar', '½ orange, zest and juice']	Easy	['Vegetarian']
	['lunch', 'side-dish', 'starter']	Watercress salad with boiled Jersey Royals, roast shallots & pickled radish	['100g watercress', '1 tbsp rice wine or cider vinegar', '2 tbsp caster sugar', '3 radish, thinly sliced lengthways', '4 banana shallots, halved', '50ml olive oil', '300g Jersey Royal potatoes', '1 mint sprig', 'cider vinegar, to serve']	Easy	['Dairy-free', 'Egg-free', 'Gluten-free', 'Vegan', 'Vegetarian']
['french']	['dinner', 'main-course', 'side-dish', 'supper']	Pommes boulangère with roast lamb	['1 ½kg medium-sized potato, peeled Maris Piper, Desirée or King Edward are best', '2 large   onions', '50ml olive oil', '12 sprigs  thyme', '3 tbsp balsamic vinegar', '750ml fresh lamb or chicken stock', '85g butter, softened', '3 lamb  rumps', 'garlic  bulb']	More effort	[]
['asian']	['dinner', 'main-course', 'supper']	Spicy chicken & veg stir-fry	['400g mixed green vegetable', '1 tbsp sunflower oil', '4 skinless chicken breasts, sliced', '1 red chilli, desseded and sliced', '120g sachet stir-fry oyster sauce (see below)', '1 tbsp soy sauce', '25g toasted  cashew, or more if you like', 'bunch spring onions, sliced']	Easy	['Easily doubled', 'Easily halved']
	['dinner', 'lunch', 'supper']	Smoked chicken, pot barley & cranberry salad	['200g pot barley, soaked overnight, or pearl barley', '50g dried cranberries', '200g green beans, halved', '1 red-skinned pear', '1⁄2 lemon, juiced', '50g pecans, lightly toasted', '50g lamb’s lettuce', 'small bunch of flat-leaf parsley, roughly chopped', '250g smoked chicken, sliced or torn into chunks', '1½ tbsp cider vinegar', '3 tsp Dijon mustard', '1 tbsp maple syrup', '4 tbsp extra virgin olive oil', '4 tbsp hazelnut or walnut oil']	Easy	[]
	['breakfast', 'brunch']	Rhubarb & custard French toast	['200g rhubarb, chopped into 3cm slices', '1 split vanilla pod', '3 tbsp caster sugar', '1/2 small orange, zested and juiced ', '1 large egg', '300ml milk', '4 thick slices of white bread', '2 tbsp butter', '100ml warm custard']	Easy	['Vegetarian']
	['lunch']	Charred veg & tuna niçoise with creamy kefir dressing	['100g green beans, trimmed', '6 spring onions, trimmed', '2 tsp rapeseed oil', '100g cherry tomatoes, halved', '4 tsp kefir or fat-free natural yogurt', '1 tsp mustard powder', '1 tsp red wine vinegar', '2 Little Gem lettuce, leaves separated', '160g can tuna in spring water, drained', '4 black olives, halved', '2 medium eggs, softly boiled and halved']	Easy	['Gluten-free', 'Healthy', 'Low calorie']
['british']	['buffet', 'main-course']	Big bacon & egg pie	"['1 ¼kg shortcrust pastry', 'a little plain flour, for dusting', '1 egg, beaten', '1 tbsp sesame seed', '1 tbsp sunflower oil', '12 rashers thick-cut smoked back bacon, diced', '4 onions, diced', ""¼ tsp ground mace (see 'Try', below)"", '2 x 290g jars whole roasted peppers in brine (we used Gaea)', 'large bunch parsley, finely chopped', '10 large eggs - fresh as you can get']"	Easy	[]
['italian']	['buffet', 'dessert', 'dinner']	Mango, lime & blackberry bombe	['2 x 200g punnets blackberries', '250g icing sugar', '2 x 425g  cans mango  in syrup, juice reserved', 'grated zest and juice 4 limes', '142ml carton double cream', '285ml carton double cream', '2 crushed bought brandy  snaps, to serve']	Easy	['Easily halved', 'Freezable']
		Weaning recipe: Celeriac, carrot & apple purée	"['½  celeriac, peeled and cut into chunks (about 200g)', '3 medium carrots, peeled and cut into chunks (about 200g)', '2 eating apples, peeled, cored and cut into chunks', ""splash of baby's milk""]"	Easy	['Gluten-free', 'Vegetarian']
	['lunch']	Picnic quiches	['180g plain flour, plus extra for dusting', '100g cold butter, diced', '1 medium egg yolk', '400g pack cherry tomatoes on the vine', 'olive oil, for drizzling', '90g pack thin pancetta rashers', '100g parmesan, grated', '3 eggs, plus 5 egg yolks (reserve a little of the egg white for brushing)', '250ml double cream', '½ small pack basil, finely chopped', '10 tartlet tins (about 7.5cm diameter each)']	More effort	[]
['american']	['dessert', 'dinner']	Rhubarb ripple & gingerbread cheesecake	['800g full-fat  cream cheese', '300g tub soured cream', '175g golden caster sugar', '3 tbsp cornflour', '3 large eggs, plus 2 yolks', 'zest 1  orange', '1 tbsp vanilla extract', '200g plain flour', '100g soft brown sugar', '1 tsp ground ginger', 'pinch of  cinnamon', '100g butter', '5 tbsp golden syrup', '3 tbsp black treacle', '140g soft brown sugar', 'juice 1  orange', '50g stem ginger from a jar, sliced, plus 50ml of the syrup', '400g forced rhubarb, cut into 3cm pieces', '1-2 tsp  grenadine (optional)']	More effort	[]
['british']		Chicken crackling	['skins of 2 chicken breasts', 'white pepper, to taste', 'smoked paprika, to taste', 'dried herbs, to taste']	Easy	['Gluten-free']
['british']	['afternoon-tea', 'treat']	Sticky clementine cake with cheesecake cream	['12 seedless clementines, unpeeled', '500g golden caster sugar', '200g butter, softened, plus extra for greasing', 'zest 1  lemon, plus a squeeze of juice', '3 eggs, separated', '300g ground almonds', '100g fine  polenta  or cornmeal', '2 x 150ml/¼pint pots natural yogurt', '250g tub mascarpone']	More effort	['Freezable (cake only)']
	['side-dish']	Cider-braised cabbage wedges	['1 tbsp olive oil', '50g butter', '2 red onions, cut into thin wedges', '1 red cabbage (about 800g)', '3 bay leaves', '3 thyme sprigs', '1 small cinnamon stick', '150ml dry cider', '50ml balsamic vinegar', '50ml cider vinegar', '400ml hot vegetable stock', '50g dark brown soft sugar']	Easy	['Freezable', 'Vegetarian']
['italian']	['dinner', 'main-course', 'supper']	Tricolore pizza with basil oil	['175g  from a 500g pack ciabatta  bread mix, plus a little extra for dusting', '3 tbsp olive oil', 'large handful basil leaf', '1 avocado, halved and thinly sliced', 'splash lemon juice', '125g ball reduced-fat  mozzarella', '225g mixed tomato, sliced and drained on kitchen paper']	Easy	['Easily doubled', 'Easily halved', 'Freezable (uncooked without avocado)', 'Vegetarian']
['british']	['dessert', 'snack', 'treat']	White rabbit biscuits	['200g unsalted butter, at room temperature', '400g plain flour', '280g caster sugar', '1 egg', '¼ tsp vanilla extract', 'a pinch of salt', '½ tsp  cream of tartar', '600g icing sugar', 'pink food colouring gel', '170g pack of desiccated coconut', '15 mini marshmallows', '1 x rabbit head-shaped cookie cutter', '1 x 7cm round cookie cutter', '1 x 3cm round cookie cutter']	Easy	[]
['italian']	['dinner', 'main-course']	Pasta with ham & minty pea pesto	['400g pasta shapes', '400g frozen pea, defrosted', '½ bunch mint, leaves picked ', '50g grated parmesan or pecorino, plus extra to serve (optional)', '100g half-fat  crème fraîche', '175g thinly sliced smoked ham, shredded']	Easy	[]
['british']		St Clements carrots	['800g carrot, peeled and trimmed', 'zest 3 clementines, plus a few slices', 'zest 2 lemons, plus a few slices', '1 tbsp olive oil', '1 tbsp butter']	Easy	['Gluten-free', 'Vegetarian']
['british']	['buffet', 'dinner', 'lunch', 'side-dish', 'supper']	Lightly spiced Christmas stuffing	"['200g white bread  (about 5 thick slices, crusts included)', '1 large onion, quartered', '2 garlic cloves', 'large handful of  parsley', '450g good quality  sausagemeat', ""2 Cox's apples, cored, peeled and finely chopped"", '3 celery  sticks, strings removed and diced', '100g/4oz pack   walnut  pieces, chopped', '1 tsp curry powder', '1 large  egg', 'grated zest of 1 lemon  and juice of 1⁄2 lemon', '20 rashers rindless streaky bacon']"	Easy	['Freezable']
	['dinner', 'side-dish']	Thai prawn & lychee salad	['500g large cooked prawns', 'small pack mint, leaves picked', 'small pack coriander, leaves picked', '20 lychees, peeled, halved and stoned', '150g bag beansprouts', 'large handful roasted peanuts, roughly chopped', 'small handful crispy onions or fried garlic chips (optional)', '1 red chilli (optional)', '1 tbsp brown sugar', 'juice 2 limes', '2 tsp fish sauce']	Easy	[]
